id,maison_fs_id,type_incident,date_debut,duree_minutes,impact_usagers,resolu,gravite
1,1,logiciel_indisponible,2025-04-02 02:28:37.638548,404,41,True,haute
2,1,probleme_materiel,2025-06-09 17:13:57.258799,260,21,True,haute
3,3,probleme_materiel,2025-06-28 03:26:34.646826,211,26,True,haute
4,3,maintenance_programmee,2025-06-29 17:17:54.416989,255,30,True,haute
5,4,maintenance_programmee,2025-07-10 18:13:22.644930,417,36,True,moyenne
6,4,panne_internet,2025-05-04 23:24:57.171366,153,41,True,moyenne
7,4,probleme_telephonie,2025-05-16 21:39:08.025944,318,14,True,faible
8,5,panne_internet,2025-02-25 22:06:42.870440,413,11,True,moyenne
9,5,coupure_electricite,2025-06-28 12:52:21.544189,354,44,True,moyenne
10,5,probleme_telephonie,2025-04-20 02:17:17.877352,113,2,True,moyenne
11,5,coupure_electricite,2025-03-11 01:29:10.508097,147,15,True,faible
12,6,coupure_electricite,2025-06-03 14:10:01.611473,466,44,True,faible
13,6,maintenance_programmee,2025-03-05 23:55:17.285522,264,18,True,haute
14,6,logiciel_indisponible,2025-07-16 12:57:06.761162,73,18,True,faible
15,6,panne_internet,2025-06-15 01:29:44.514713,199,31,True,moyenne
16,7,panne_internet,2025-04-21 07:55:34.315580,225,45,True,haute
17,7,probleme_materiel,2025-03-23 16:27:13.878353,297,10,True,moyenne
18,7,probleme_telephonie,2025-04-15 10:01:59.699648,360,13,True,faible
19,7,panne_internet,2025-02-16 19:22:20.582246,42,12,True,faible
20,7,probleme_telephonie,2025-05-09 14:38:05.025326,396,14,True,faible
21,8,maintenance_programmee,2025-03-15 16:18:55.484796,96,8,True,haute
22,9,coupure_electricite,2025-05-21 05:59:42.008651,271,9,True,moyenne
23,9,panne_internet,2025-06-13 06:36:24.903360,117,35,True,haute
24,9,panne_internet,2025-03-21 13:48:48.347925,88,9,True,moyenne
25,9,probleme_materiel,2025-06-02 20:39:48.343078,275,22,True,moyenne
26,9,coupure_electricite,2025-06-02 04:25:36.940704,176,15,True,faible
27,10,panne_internet,2025-02-02 10:07:21.437336,133,15,True,haute
28,10,coupure_electricite,2025-04-04 06:56:11.489487,133,11,True,haute
29,10,probleme_telephonie,2025-02-23 17:51:09.021232,361,9,True,faible
30,10,coupure_electricite,2025-03-26 21:49:05.113747,241,49,True,moyenne
31,11,maintenance_programmee,2025-04-19 04:42:23.748097,101,12,True,moyenne
32,11,coupure_electricite,2025-03-01 14:26:57.367660,208,5,True,faible
33,11,panne_internet,2025-05-15 12:44:43.160464,346,43,True,moyenne
34,12,maintenance_programmee,2025-06-15 05:46:28.865439,112,48,True,moyenne
35,13,probleme_telephonie,2025-05-24 22:09:02.251069,276,13,True,haute
36,13,panne_internet,2025-05-10 17:47:10.636823,201,34,True,haute
37,13,coupure_electricite,2025-03-26 17:15:51.137275,193,16,True,haute
38,13,panne_internet,2025-03-01 06:32:51.703543,107,21,True,moyenne
39,13,probleme_telephonie,2025-04-20 17:35:18.826036,152,45,True,moyenne
40,14,probleme_materiel,2025-01-23 21:56:27.122154,411,20,True,haute
41,14,probleme_telephonie,2025-05-15 12:57:48.274520,134,23,True,haute
42,15,probleme_materiel,2025-04-20 09:12:39.662740,148,40,True,moyenne
43,15,probleme_materiel,2025-06-23 06:12:01.296712,375,25,True,faible
44,15,probleme_telephonie,2025-06-17 10:59:05.988273,156,48,True,haute
45,15,probleme_telephonie,2025-06-30 05:43:30.887121,320,4,True,haute
46,16,probleme_telephonie,2025-07-08 10:05:10.555357,406,3,True,moyenne
47,16,probleme_materiel,2025-04-12 08:30:47.341998,414,2,True,faible
48,16,probleme_materiel,2025-04-21 01:22:41.856283,117,27,True,faible
49,17,maintenance_programmee,2025-04-24 19:15:50.455540,326,0,True,faible
50,17,probleme_materiel,2025-01-23 19:28:11.776369,114,37,True,haute
51,17,probleme_telephonie,2025-06-22 14:19:51.297861,276,2,True,faible
52,17,maintenance_programmee,2025-06-24 15:43:53.024620,329,23,True,haute
53,18,probleme_telephonie,2025-04-11 08:31:01.679270,374,9,True,moyenne
54,18,panne_internet,2025-01-20 15:54:57.086318,330,32,True,haute
55,18,panne_internet,2025-03-06 09:17:56.480510,232,49,True,haute
56,18,panne_internet,2025-05-13 04:59:35.503941,148,48,True,haute
57,18,probleme_telephonie,2025-05-16 12:43:50.631338,239,37,True,haute
58,19,probleme_materiel,2025-03-31 04:46:15.692696,81,13,True,faible
59,19,maintenance_programmee,2025-03-08 09:33:49.731492,298,41,True,moyenne
60,19,logiciel_indisponible,2025-05-04 12:51:23.363039,36,26,True,haute
61,19,probleme_materiel,2025-05-10 20:26:20.115771,396,50,True,moyenne
62,20,probleme_telephonie,2025-03-20 18:36:58.333402,394,10,True,moyenne
63,20,coupure_electricite,2025-03-12 18:08:28.682922,392,29,True,haute
64,20,coupure_electricite,2025-05-07 16:35:42.738453,121,28,True,moyenne
65,20,probleme_materiel,2025-06-12 02:18:21.544006,193,27,True,moyenne
66,22,maintenance_programmee,2025-07-09 13:08:58.834446,249,47,True,faible
67,23,coupure_electricite,2025-05-14 05:26:48.621162,334,7,True,moyenne
68,23,logiciel_indisponible,2025-02-08 11:55:40.705722,402,7,True,haute
69,24,probleme_materiel,2025-01-27 22:37:12.409880,244,26,True,moyenne
70,24,probleme_materiel,2025-05-16 05:03:09.544174,222,31,True,haute
71,24,probleme_materiel,2025-06-11 22:11:34.100161,41,7,True,moyenne
72,24,maintenance_programmee,2025-05-15 21:11:12.205886,445,25,True,haute
73,24,panne_internet,2025-05-16 05:44:15.580950,164,23,True,faible
74,25,probleme_materiel,2025-05-17 07:09:53.672427,239,26,True,haute
75,25,maintenance_programmee,2025-05-03 14:45:57.679023,139,6,True,moyenne
76,25,coupure_electricite,2025-02-16 07:32:41.285470,447,23,True,moyenne
77,25,logiciel_indisponible,2025-07-06 15:07:16.774164,161,17,True,moyenne
78,25,logiciel_indisponible,2025-05-03 04:07:46.938721,195,34,True,moyenne
79,26,coupure_electricite,2025-02-11 03:05:39.443058,197,28,True,faible
80,26,probleme_materiel,2025-06-04 23:04:19.647310,290,46,True,faible
81,26,probleme_materiel,2025-03-30 03:21:57.233658,318,32,True,haute
82,26,maintenance_programmee,2025-01-20 01:47:46.537808,158,3,True,moyenne
83,26,probleme_telephonie,2025-01-20 06:26:41.270668,472,7,True,moyenne
84,27,probleme_materiel,2025-05-24 07:39:43.429548,357,45,True,faible
85,27,probleme_telephonie,2025-01-26 07:37:59.989793,238,44,True,faible
86,27,maintenance_programmee,2025-06-11 10:44:19.849062,139,23,True,moyenne
87,28,logiciel_indisponible,2025-03-29 20:43:31.967201,238,26,True,moyenne
88,28,logiciel_indisponible,2025-01-25 09:35:15.314676,444,39,True,faible
89,28,probleme_telephonie,2025-07-11 01:09:12.539631,295,0,True,haute
90,28,probleme_telephonie,2025-06-30 19:30:59.492177,473,45,True,faible
91,28,probleme_materiel,2025-06-14 00:38:35.731024,141,11,True,moyenne
92,29,maintenance_programmee,2025-02-12 17:07:35.567968,205,30,True,faible
93,29,probleme_materiel,2025-03-22 01:20:17.700850,331,5,True,faible
94,29,probleme_telephonie,2025-03-06 22:41:03.628097,125,43,True,haute
95,30,panne_internet,2025-05-31 07:07:02.223913,75,35,True,faible
96,30,coupure_electricite,2025-06-15 01:35:58.311814,384,6,True,faible
97,31,probleme_materiel,2025-02-16 12:49:20.989511,102,9,True,haute
98,31,maintenance_programmee,2025-04-07 07:36:38.635490,274,30,True,haute
99,31,probleme_materiel,2025-01-27 11:18:42.273836,124,43,True,moyenne
100,31,coupure_electricite,2025-06-16 13:50:48.319237,387,22,True,faible
101,32,panne_internet,2025-06-26 20:18:46.785892,302,42,True,faible
102,32,probleme_telephonie,2025-04-04 04:27:41.070468,449,15,True,faible
103,33,panne_internet,2025-04-08 10:33:56.499212,195,36,True,faible
104,33,probleme_materiel,2025-04-11 08:12:07.904345,301,20,True,haute
105,33,coupure_electricite,2025-03-21 16:07:47.798677,284,31,True,haute
106,33,logiciel_indisponible,2025-07-16 17:46:50.343635,202,7,True,faible
107,33,probleme_materiel,2025-02-21 18:12:33.424356,142,21,True,moyenne
108,34,probleme_materiel,2025-03-19 18:21:37.588011,413,12,True,moyenne
109,34,maintenance_programmee,2025-02-14 22:01:57.809673,313,32,True,faible
110,36,coupure_electricite,2025-06-11 09:58:28.028141,43,12,True,moyenne
111,36,probleme_telephonie,2025-04-15 05:32:18.612967,432,22,True,faible
112,36,probleme_materiel,2025-07-08 20:01:58.069610,137,23,True,faible
113,36,probleme_telephonie,2025-02-02 15:03:17.046038,37,25,True,moyenne
114,38,probleme_materiel,2025-04-10 18:43:32.036211,359,18,True,haute
115,38,probleme_telephonie,2025-03-26 11:08:17.373933,317,6,True,haute
116,39,panne_internet,2025-02-25 01:38:18.184192,411,10,True,faible
117,40,probleme_materiel,2025-07-10 06:52:40.953003,299,33,True,faible
118,41,panne_internet,2025-06-24 06:25:18.435035,426,31,True,moyenne
119,41,probleme_telephonie,2025-02-14 14:14:11.650527,256,16,True,haute
120,41,maintenance_programmee,2025-02-01 00:19:33.561367,391,15,True,moyenne
121,43,probleme_telephonie,2025-04-10 02:17:00.370373,449,19,True,moyenne
122,45,logiciel_indisponible,2025-01-25 17:53:19.214696,388,12,True,moyenne
123,45,probleme_telephonie,2025-04-17 17:50:56.874271,477,8,True,moyenne
124,46,panne_internet,2025-06-15 06:19:30.294256,392,9,True,haute
125,46,panne_internet,2025-05-31 22:08:50.164715,191,34,True,moyenne
126,46,panne_internet,2025-05-16 00:52:35.426006,395,24,True,faible
127,47,coupure_electricite,2025-02-25 12:36:06.359635,135,19,True,faible
128,47,coupure_electricite,2025-05-04 01:26:55.680961,355,11,True,faible
129,47,logiciel_indisponible,2025-06-05 09:08:45.063482,90,30,True,haute
130,47,coupure_electricite,2025-03-05 16:00:45.544227,244,40,True,haute
131,47,logiciel_indisponible,2025-05-08 07:44:20.613268,72,30,True,moyenne
132,48,panne_internet,2025-04-20 16:55:02.178636,385,50,True,faible
133,48,probleme_telephonie,2025-07-01 16:01:56.171784,360,5,True,haute
134,48,probleme_telephonie,2025-01-22 11:51:07.657426,150,16,True,faible
135,48,logiciel_indisponible,2025-03-26 14:47:41.758430,403,42,True,moyenne
136,49,probleme_materiel,2025-02-15 23:51:12.406908,421,48,True,haute
137,49,coupure_electricite,2025-06-04 05:14:00.248237,374,19,True,moyenne
138,50,logiciel_indisponible,2025-03-19 07:46:21.078964,70,35,True,faible
139,50,probleme_materiel,2025-05-04 10:42:14.626774,309,11,True,moyenne
140,51,maintenance_programmee,2025-02-23 12:19:10.254882,182,22,True,moyenne
141,51,panne_internet,2025-03-07 22:40:15.741275,77,3,True,faible
142,51,panne_internet,2025-04-26 18:20:36.716640,373,29,True,haute
143,51,panne_internet,2025-05-26 17:02:17.136273,93,31,True,moyenne
144,52,coupure_electricite,2025-02-09 15:57:29.319339,160,42,True,moyenne
145,53,probleme_telephonie,2025-06-09 23:25:02.854948,472,39,True,haute
146,53,maintenance_programmee,2025-04-11 05:33:45.981324,125,49,True,haute
147,53,coupure_electricite,2025-04-14 05:26:31.660024,271,20,True,moyenne
148,55,maintenance_programmee,2025-04-29 03:32:41.808825,459,11,True,haute
149,55,maintenance_programmee,2025-04-06 07:56:16.021411,247,7,True,haute
150,55,logiciel_indisponible,2025-05-15 03:19:36.947740,435,36,True,faible
151,55,panne_internet,2025-06-17 23:46:03.135463,238,7,True,haute
152,56,probleme_materiel,2025-04-29 18:59:20.729605,41,20,True,haute
153,56,probleme_telephonie,2025-06-18 05:17:19.634037,270,33,True,haute
154,57,logiciel_indisponible,2025-04-23 18:04:47.099239,143,0,True,haute
155,57,coupure_electricite,2025-02-16 15:20:51.795273,206,30,True,faible
156,57,logiciel_indisponible,2025-04-27 20:09:59.122340,260,20,True,faible
157,58,panne_internet,2025-04-20 22:08:17.724487,369,37,True,faible
158,58,logiciel_indisponible,2025-02-27 17:22:36.328405,176,40,True,faible
159,58,logiciel_indisponible,2025-03-12 17:09:58.309792,270,32,True,moyenne
160,58,probleme_materiel,2025-03-06 21:45:01.945482,135,37,True,moyenne
161,59,logiciel_indisponible,2025-03-04 22:36:57.526019,317,24,True,faible
162,59,panne_internet,2025-07-12 08:42:54.821913,377,21,True,faible
163,59,logiciel_indisponible,2025-04-30 01:08:46.311151,465,5,True,faible
164,59,probleme_materiel,2025-05-23 14:45:45.699971,86,50,True,moyenne
165,60,logiciel_indisponible,2025-07-07 11:39:17.753256,242,46,True,faible
166,60,panne_internet,2025-02-25 22:17:26.240778,63,39,True,moyenne
167,60,maintenance_programmee,2025-05-03 19:20:30.211800,69,22,True,haute
168,60,logiciel_indisponible,2025-01-23 09:20:20.771245,471,30,True,faible
169,61,probleme_materiel,2025-06-19 09:24:33.233301,232,7,True,faible
170,61,probleme_telephonie,2025-05-27 14:26:26.022643,397,35,True,moyenne
171,61,probleme_materiel,2025-02-25 14:38:57.384336,54,30,True,faible
172,62,coupure_electricite,2025-04-15 03:14:00.548374,383,25,True,haute
173,62,coupure_electricite,2025-05-30 20:01:30.259193,378,13,True,haute
174,62,probleme_telephonie,2025-04-04 05:07:09.348626,394,2,True,faible
175,63,probleme_materiel,2025-05-16 16:02:39.903522,227,1,True,faible
176,64,maintenance_programmee,2025-01-26 06:10:52.462160,52,37,True,moyenne
177,64,probleme_materiel,2025-03-05 07:13:02.474725,298,0,True,moyenne
178,64,probleme_materiel,2025-06-25 22:33:16.162427,203,21,True,faible
179,64,coupure_electricite,2025-03-15 10:37:51.704584,57,36,True,moyenne
180,66,probleme_materiel,2025-06-11 04:50:30.123867,327,45,True,moyenne
181,66,probleme_telephonie,2025-03-19 07:17:47.606445,63,41,True,haute
182,66,maintenance_programmee,2025-06-28 12:41:27.994297,134,49,True,faible
183,67,panne_internet,2025-07-10 09:35:19.772131,438,37,True,haute
184,67,coupure_electricite,2025-02-20 01:35:18.145172,466,40,True,haute
185,68,probleme_materiel,2025-02-24 07:29:07.258820,220,31,True,haute
186,68,maintenance_programmee,2025-01-25 01:26:03.017058,267,13,True,faible
187,68,probleme_materiel,2025-05-27 21:05:54.696736,421,7,True,haute
188,68,maintenance_programmee,2025-02-17 16:18:52.051877,362,28,True,haute
189,68,coupure_electricite,2025-05-10 07:27:09.027542,134,22,True,moyenne
190,69,probleme_telephonie,2025-02-08 06:48:06.538851,270,42,True,moyenne
191,69,panne_internet,2025-06-18 13:56:52.766516,102,20,True,faible
192,69,panne_internet,2025-06-21 00:16:15.998115,169,42,True,faible
193,69,coupure_electricite,2025-04-27 06:17:04.880338,166,33,True,moyenne
194,69,maintenance_programmee,2025-02-25 05:23:30.936059,444,44,True,haute
195,70,maintenance_programmee,2025-05-31 09:26:57.803117,40,32,True,moyenne
196,70,coupure_electricite,2025-07-06 14:25:15.343385,171,40,True,faible
197,71,maintenance_programmee,2025-03-05 05:21:29.493846,428,44,True,haute
198,71,maintenance_programmee,2025-03-15 02:01:14.029941,384,18,True,haute
199,72,logiciel_indisponible,2025-02-28 18:16:17.833734,130,21,True,moyenne
200,72,panne_internet,2025-01-31 19:20:00.099027,347,16,True,haute
201,72,probleme_telephonie,2025-02-02 18:47:02.194006,424,15,True,faible
202,72,probleme_telephonie,2025-03-25 10:01:05.214962,305,20,True,moyenne
203,75,logiciel_indisponible,2025-06-04 01:07:21.999342,451,13,True,haute
204,75,probleme_telephonie,2025-02-17 10:22:00.653850,259,39,True,haute
205,75,panne_internet,2025-03-08 16:31:59.086862,93,13,True,moyenne
206,75,probleme_telephonie,2025-03-23 08:33:41.058719,79,22,True,haute
207,76,maintenance_programmee,2025-03-27 08:46:02.599480,215,35,True,haute
208,76,maintenance_programmee,2025-05-16 00:48:39.017063,266,0,True,haute
209,76,maintenance_programmee,2025-03-09 14:08:04.642843,31,46,True,faible
210,76,probleme_telephonie,2025-03-07 23:51:12.036197,261,15,True,haute
211,77,maintenance_programmee,2025-03-18 01:46:50.632514,437,41,True,faible
212,77,maintenance_programmee,2025-05-30 05:21:21.656998,361,28,True,faible
213,77,probleme_telephonie,2025-05-02 18:52:06.794608,281,2,True,moyenne
214,78,maintenance_programmee,2025-04-06 03:55:07.772274,276,23,True,haute
215,78,maintenance_programmee,2025-02-12 04:06:57.445333,347,25,True,moyenne
216,81,coupure_electricite,2025-02-20 07:50:46.942987,439,37,True,faible
217,82,panne_internet,2025-02-11 21:53:13.445208,195,15,True,haute
218,82,logiciel_indisponible,2025-02-06 23:08:12.653740,305,19,True,faible
219,82,panne_internet,2025-05-22 13:58:49.863221,90,48,True,haute
220,83,panne_internet,2025-06-01 16:55:19.571322,79,4,True,haute
221,83,probleme_telephonie,2025-05-30 00:50:32.489768,99,40,True,moyenne
222,83,probleme_materiel,2025-02-25 14:12:57.577977,107,7,True,haute
223,84,probleme_telephonie,2025-01-30 17:53:09.001413,232,33,True,moyenne
224,84,panne_internet,2025-05-10 10:13:19.948032,259,47,True,haute
225,84,probleme_materiel,2025-06-04 16:11:47.674245,222,25,True,moyenne
226,84,probleme_materiel,2025-03-12 14:53:51.378118,47,35,True,faible
227,85,logiciel_indisponible,2025-07-02 16:15:34.460006,135,23,True,haute
228,86,logiciel_indisponible,2025-07-12 16:31:19.304575,409,41,True,haute
229,86,probleme_materiel,2025-04-10 22:55:52.986134,343,14,True,moyenne
230,86,probleme_materiel,2025-05-19 21:21:54.144456,385,11,True,faible
231,86,panne_internet,2025-01-28 23:57:05.090544,440,27,True,faible
232,86,coupure_electricite,2025-03-23 04:37:11.729413,47,5,True,haute
233,88,logiciel_indisponible,2025-06-15 18:54:05.981258,39,19,True,faible
234,88,probleme_telephonie,2025-04-29 17:10:48.643427,465,6,True,haute
235,88,maintenance_programmee,2025-03-15 11:23:24.288930,377,37,True,faible
236,88,logiciel_indisponible,2025-04-16 18:48:47.399335,388,18,True,moyenne
237,89,maintenance_programmee,2025-05-08 11:05:18.954727,30,7,True,faible
238,89,probleme_materiel,2025-05-07 08:51:44.740664,441,45,True,moyenne
239,89,panne_internet,2025-01-27 09:17:54.234383,37,27,True,moyenne
240,89,probleme_materiel,2025-07-04 14:55:49.677760,141,48,True,faible
241,90,maintenance_programmee,2025-07-05 07:33:28.444111,474,14,True,haute
242,90,panne_internet,2025-06-12 02:52:54.418407,467,48,True,faible
243,90,panne_internet,2025-04-18 17:37:51.170966,417,47,True,faible
244,90,panne_internet,2025-03-03 08:33:52.962439,168,2,True,moyenne
245,90,panne_internet,2025-05-08 19:51:12.489256,126,43,True,haute
246,91,panne_internet,2025-03-22 02:30:45.739666,327,41,True,haute
247,92,logiciel_indisponible,2025-02-26 03:24:34.644402,180,7,True,moyenne
248,92,maintenance_programmee,2025-02-28 19:52:06.921650,446,13,True,faible
249,92,coupure_electricite,2025-07-04 07:42:33.227205,190,1,True,haute
250,92,probleme_materiel,2025-05-30 07:00:26.423946,200,38,True,moyenne
251,93,maintenance_programmee,2025-02-25 10:05:04.330140,129,23,True,haute
252,93,coupure_electricite,2025-07-05 12:49:32.259602,375,32,True,moyenne
253,93,probleme_telephonie,2025-02-19 11:36:10.269940,54,13,True,moyenne
254,94,maintenance_programmee,2025-06-13 03:49:22.462097,111,10,True,haute
255,94,coupure_electricite,2025-04-09 13:07:16.691720,98,41,True,haute
256,94,panne_internet,2025-03-03 18:25:17.368637,341,0,True,faible
257,94,logiciel_indisponible,2025-06-04 12:10:54.276847,442,43,True,faible
258,94,coupure_electricite,2025-06-23 13:48:43.373238,123,48,True,moyenne
259,95,probleme_telephonie,2025-04-02 02:36:32.580516,44,10,True,haute
260,95,probleme_materiel,2025-03-08 05:31:00.719919,467,5,True,faible
261,96,probleme_materiel,2025-03-11 02:19:22.363914,422,31,True,faible
262,96,coupure_electricite,2025-07-09 06:58:35.775291,86,19,True,haute
263,96,probleme_telephonie,2025-02-03 23:12:21.431151,429,45,True,moyenne
264,97,panne_internet,2025-06-15 07:37:18.502291,235,19,True,faible
265,97,probleme_telephonie,2025-06-11 10:30:22.457601,451,25,True,haute
266,98,probleme_telephonie,2025-02-01 20:35:38.818618,123,30,True,faible
267,98,coupure_electricite,2025-07-13 00:40:31.802463,170,24,True,moyenne
268,99,coupure_electricite,2025-06-15 12:01:20.790843,256,2,True,haute
269,99,maintenance_programmee,2025-05-09 21:22:47.933340,401,1,True,moyenne
270,99,logiciel_indisponible,2025-03-14 20:44:40.699031,399,30,True,haute
271,99,probleme_telephonie,2025-01-26 22:23:14.134630,353,16,True,moyenne
272,99,probleme_telephonie,2025-02-11 20:46:59.238839,471,26,True,faible
273,100,logiciel_indisponible,2025-02-09 12:41:47.041912,255,34,True,faible
274,101,logiciel_indisponible,2025-07-12 23:09:26.242429,143,17,True,faible
275,101,probleme_telephonie,2025-02-25 02:38:19.382452,110,15,True,moyenne
276,101,probleme_materiel,2025-04-06 00:24:34.177879,354,11,True,moyenne
277,101,maintenance_programmee,2025-04-28 01:26:44.930373,76,42,True,haute
278,101,coupure_electricite,2025-05-14 13:56:20.057238,384,13,True,moyenne
279,102,probleme_materiel,2025-02-16 23:32:38.499339,37,24,True,moyenne
280,102,probleme_telephonie,2025-04-16 15:36:45.843609,187,31,True,faible
281,102,panne_internet,2025-04-19 10:26:21.685218,50,3,True,faible
282,103,probleme_telephonie,2025-02-25 17:52:20.693438,265,28,True,faible
283,105,panne_internet,2025-03-02 09:56:52.286361,469,36,True,faible
284,106,maintenance_programmee,2025-03-07 00:16:40.659918,479,8,True,moyenne
285,106,coupure_electricite,2025-03-11 12:43:16.040499,312,45,True,faible
286,107,probleme_telephonie,2025-03-01 07:18:19.251112,193,34,True,faible
287,107,probleme_materiel,2025-05-03 12:02:35.585572,107,41,True,haute
288,107,probleme_telephonie,2025-04-06 12:45:27.323355,342,28,True,haute
289,107,panne_internet,2025-05-25 23:46:47.287275,251,19,True,faible
290,108,coupure_electricite,2025-02-17 11:51:22.310817,69,37,True,haute
291,108,logiciel_indisponible,2025-02-11 00:16:42.581614,281,12,True,moyenne
292,108,probleme_materiel,2025-07-03 23:13:00.742077,331,13,True,moyenne
293,108,coupure_electricite,2025-05-18 06:06:52.371533,139,34,True,moyenne
294,109,maintenance_programmee,2025-06-09 04:22:51.448108,317,18,True,moyenne
295,109,panne_internet,2025-06-19 23:58:11.302827,364,37,True,haute
296,109,logiciel_indisponible,2025-04-10 18:16:32.224494,314,44,True,faible
297,109,maintenance_programmee,2025-05-27 17:41:01.704641,235,20,True,moyenne
298,110,coupure_electricite,2025-05-30 22:07:10.140665,287,7,True,faible
299,110,panne_internet,2025-02-16 19:37:52.230757,45,0,True,haute
300,110,coupure_electricite,2025-04-28 19:26:27.679733,445,26,True,faible
301,110,logiciel_indisponible,2025-07-17 08:07:57.348936,296,5,True,faible
302,110,probleme_materiel,2025-03-09 17:27:09.056740,182,25,True,moyenne
303,111,coupure_electricite,2025-03-31 04:27:29.723285,339,38,True,moyenne
304,112,probleme_materiel,2025-07-02 16:06:34.667030,115,6,True,faible
305,112,logiciel_indisponible,2025-07-10 14:50:13.983399,87,8,True,faible
306,113,logiciel_indisponible,2025-03-09 00:21:43.976208,435,0,True,faible
307,113,maintenance_programmee,2025-04-22 14:17:41.419333,212,22,True,moyenne
308,113,coupure_electricite,2025-05-16 07:45:19.676828,283,49,True,faible
309,114,logiciel_indisponible,2025-01-29 10:21:22.550424,286,11,True,faible
310,114,logiciel_indisponible,2025-06-17 18:25:41.916363,152,12,True,moyenne
311,114,maintenance_programmee,2025-01-30 15:56:59.564960,356,49,True,moyenne
312,115,probleme_materiel,2025-06-02 10:52:25.332817,282,28,True,faible
313,115,coupure_electricite,2025-05-01 08:00:50.204746,434,37,True,haute
314,115,logiciel_indisponible,2025-02-05 10:56:07.771863,140,4,True,haute
315,117,coupure_electricite,2025-04-24 02:06:30.406405,443,8,True,haute
316,117,probleme_materiel,2025-04-29 23:24:04.843616,306,19,True,moyenne
317,118,probleme_telephonie,2025-04-14 07:08:25.172392,462,27,True,moyenne
318,118,probleme_telephonie,2025-06-17 23:48:35.997855,258,21,True,moyenne
319,118,maintenance_programmee,2025-02-06 03:20:10.412401,404,11,True,faible
320,118,probleme_materiel,2025-01-26 19:31:00.640857,44,28,True,haute
321,119,probleme_telephonie,2025-06-23 14:51:12.842418,126,16,True,moyenne
322,119,logiciel_indisponible,2025-01-19 19:42:46.127208,333,7,True,moyenne
323,119,maintenance_programmee,2025-04-21 21:24:10.782928,386,21,True,faible
324,120,logiciel_indisponible,2025-05-24 05:53:48.219759,74,14,True,moyenne
325,120,panne_internet,2025-02-20 21:52:18.276001,276,21,True,faible
326,122,panne_internet,2025-01-31 18:37:30.262444,71,30,True,haute
327,122,maintenance_programmee,2025-03-18 05:22:27.228899,380,9,True,haute
328,123,panne_internet,2025-07-03 20:44:47.780088,298,4,True,haute
329,123,panne_internet,2025-02-05 04:47:08.389915,249,24,True,faible
330,123,panne_internet,2025-02-15 15:18:11.848631,311,21,True,moyenne
331,124,maintenance_programmee,2025-05-19 17:31:45.365560,419,15,True,moyenne
332,124,logiciel_indisponible,2025-05-27 00:13:53.015548,412,2,True,moyenne
333,124,maintenance_programmee,2025-07-06 20:44:33.711982,293,31,True,haute
334,124,panne_internet,2025-05-08 01:59:48.641963,421,39,True,haute
335,124,probleme_telephonie,2025-01-26 20:37:58.895571,386,40,True,haute
336,125,coupure_electricite,2025-05-01 14:51:35.879120,283,10,True,haute
337,125,panne_internet,2025-02-26 09:23:44.495473,442,37,True,haute
338,125,probleme_telephonie,2025-05-29 22:59:24.901514,128,27,True,haute
339,126,probleme_telephonie,2025-06-16 01:21:13.094767,199,47,True,faible
340,128,probleme_materiel,2025-03-07 11:34:00.785294,292,38,True,faible
341,129,panne_internet,2025-04-27 14:50:37.585814,305,27,True,haute
342,129,maintenance_programmee,2025-04-18 23:31:29.304236,211,7,True,moyenne
343,129,maintenance_programmee,2025-06-09 04:33:03.894960,208,2,True,faible
344,131,coupure_electricite,2025-05-08 09:28:38.427150,277,37,True,faible
345,131,panne_internet,2025-07-11 15:25:54.034169,151,23,True,moyenne
346,131,probleme_telephonie,2025-02-05 21:56:09.124513,100,13,True,moyenne
347,131,maintenance_programmee,2025-02-17 01:27:07.767420,58,31,True,moyenne
348,131,coupure_electricite,2025-04-27 19:01:58.896371,289,6,True,faible
349,132,coupure_electricite,2025-06-09 08:16:05.702365,240,49,True,moyenne
350,132,probleme_materiel,2025-05-11 06:47:39.225639,478,8,True,faible
351,132,panne_internet,2025-05-02 22:52:43.807701,62,14,True,haute
352,132,logiciel_indisponible,2025-04-22 06:13:40.574224,382,47,True,faible
353,132,coupure_electricite,2025-06-15 19:21:07.902889,391,20,True,moyenne
354,133,probleme_materiel,2025-04-14 19:05:38.390391,106,49,True,moyenne
355,133,panne_internet,2025-05-08 19:18:30.148532,417,25,True,faible
356,134,probleme_materiel,2025-05-21 13:17:58.143363,319,7,True,moyenne
357,134,probleme_telephonie,2025-06-08 15:35:25.047558,215,27,True,haute
358,134,coupure_electricite,2025-03-16 14:36:34.128674,88,5,True,faible
359,135,coupure_electricite,2025-02-18 17:30:05.547804,36,47,True,faible
360,135,logiciel_indisponible,2025-03-07 13:17:30.671596,330,15,True,moyenne
361,135,maintenance_programmee,2025-03-28 05:05:29.430575,360,28,True,haute
362,135,coupure_electricite,2025-05-03 18:08:30.178268,342,27,True,haute
363,136,probleme_materiel,2025-01-25 13:43:56.848291,72,17,True,moyenne
364,136,logiciel_indisponible,2025-01-28 22:33:02.912299,203,3,True,haute
365,136,coupure_electricite,2025-05-11 22:18:49.849201,405,7,True,faible
366,137,probleme_telephonie,2025-05-16 20:06:44.972014,194,50,True,moyenne
367,137,panne_internet,2025-06-21 07:16:12.698015,222,41,True,haute
368,137,maintenance_programmee,2025-03-27 03:55:13.794654,442,34,True,faible
369,137,probleme_materiel,2025-07-01 12:24:31.522115,61,28,True,haute
370,139,panne_internet,2025-04-27 06:43:42.300291,402,30,True,moyenne
371,139,probleme_materiel,2025-04-17 16:44:36.943896,36,27,True,faible
372,139,probleme_telephonie,2025-04-11 02:04:18.721003,313,16,True,haute
373,139,probleme_materiel,2025-04-04 02:53:45.214738,422,18,True,haute
374,140,probleme_telephonie,2025-05-18 15:41:25.349816,320,20,True,faible
375,140,probleme_telephonie,2025-03-09 23:40:17.735373,132,26,True,haute
376,140,logiciel_indisponible,2025-03-15 10:45:57.376316,198,9,True,haute
377,140,probleme_materiel,2025-03-30 07:07:45.290832,189,35,True,haute
378,141,maintenance_programmee,2025-02-18 20:36:32.739527,196,47,True,faible
379,142,probleme_telephonie,2025-02-28 13:01:48.265198,87,26,True,moyenne
380,143,maintenance_programmee,2025-05-15 20:07:39.636659,102,50,True,haute
381,143,maintenance_programmee,2025-07-08 16:11:02.222678,426,28,True,haute
382,143,coupure_electricite,2025-05-18 19:04:29.794933,379,35,True,haute
383,143,panne_internet,2025-05-21 01:01:05.553054,420,19,True,haute
384,143,maintenance_programmee,2025-05-25 19:01:02.678833,252,50,True,moyenne
385,144,probleme_telephonie,2025-04-03 23:23:37.245868,335,18,True,moyenne
386,147,probleme_telephonie,2025-02-19 04:49:45.750648,465,38,True,moyenne
387,147,probleme_materiel,2025-05-17 08:29:54.498758,409,24,True,moyenne
388,148,probleme_telephonie,2025-03-23 06:37:02.240999,36,15,True,faible
389,148,maintenance_programmee,2025-06-20 05:55:04.554508,121,26,True,moyenne
390,148,probleme_telephonie,2025-05-04 04:33:53.409388,306,4,True,faible
391,149,panne_internet,2025-01-22 11:40:04.445098,383,17,True,faible
392,149,coupure_electricite,2025-06-24 15:57:43.519712,459,20,True,haute
393,149,maintenance_programmee,2025-04-24 05:07:35.671094,379,19,True,haute
394,149,logiciel_indisponible,2025-06-19 20:19:37.149065,418,31,True,moyenne
395,149,coupure_electricite,2025-06-26 18:25:34.969721,206,44,True,faible
396,150,maintenance_programmee,2025-04-04 20:36:31.870256,233,14,True,faible
397,150,probleme_telephonie,2025-02-22 12:49:12.623027,241,9,True,haute
398,150,logiciel_indisponible,2025-06-13 18:48:52.553140,360,15,True,faible
399,150,maintenance_programmee,2025-06-12 12:13:45.973482,402,21,True,haute
400,151,maintenance_programmee,2025-03-21 15:09:33.597000,66,36,True,haute
401,151,maintenance_programmee,2025-05-18 05:20:04.149384,448,3,True,faible
402,154,logiciel_indisponible,2025-05-04 00:12:15.120544,132,14,True,moyenne
403,154,logiciel_indisponible,2025-05-26 18:41:03.895074,39,31,True,faible
404,155,probleme_telephonie,2025-02-17 04:05:19.347194,383,5,True,faible
405,155,maintenance_programmee,2025-05-08 23:11:53.750957,347,41,True,faible
406,155,maintenance_programmee,2025-03-29 16:54:22.929151,297,25,True,moyenne
407,155,probleme_materiel,2025-02-23 10:25:47.701551,232,19,True,faible
408,158,probleme_materiel,2025-06-24 06:38:26.582872,76,48,True,moyenne
409,158,coupure_electricite,2025-06-29 19:52:52.737624,467,31,True,faible
410,158,panne_internet,2025-03-01 10:42:45.488971,388,28,True,moyenne
411,159,panne_internet,2025-06-06 00:52:34.886592,462,24,True,faible
412,159,probleme_telephonie,2025-03-29 11:48:33.271069,134,48,True,haute
413,159,logiciel_indisponible,2025-02-25 14:35:07.462050,170,39,True,haute
414,159,panne_internet,2025-03-15 05:57:26.207481,402,45,True,moyenne
415,159,probleme_materiel,2025-03-03 09:05:46.274527,451,49,True,faible
416,161,coupure_electricite,2025-05-14 23:58:37.066133,55,50,True,moyenne
417,161,logiciel_indisponible,2025-03-22 16:13:12.889964,161,34,True,haute
418,161,logiciel_indisponible,2025-06-27 20:38:08.025798,224,48,True,faible
419,161,coupure_electricite,2025-02-20 03:26:01.408952,222,36,True,haute
420,161,probleme_telephonie,2025-05-12 06:32:58.466283,144,41,True,haute
421,162,probleme_telephonie,2025-03-23 20:21:40.063286,404,15,True,moyenne
422,162,coupure_electricite,2025-04-21 15:01:22.594049,47,7,True,moyenne
423,162,logiciel_indisponible,2025-02-17 00:02:54.353853,46,12,True,haute
424,165,panne_internet,2025-03-29 13:15:19.402859,144,1,True,moyenne
425,166,coupure_electricite,2025-03-31 04:59:56.173210,54,19,True,haute
426,166,probleme_materiel,2025-07-14 08:32:11.301175,431,43,True,haute
427,166,probleme_telephonie,2025-04-26 11:50:16.698134,434,17,True,faible
428,166,panne_internet,2025-05-14 04:12:47.906374,331,12,True,moyenne
429,169,logiciel_indisponible,2025-04-09 05:57:00.987218,37,16,True,moyenne
430,170,maintenance_programmee,2025-07-10 22:08:00.062888,355,29,True,faible
431,171,maintenance_programmee,2025-04-08 18:44:38.013899,213,26,True,faible
432,172,logiciel_indisponible,2025-05-30 18:21:16.336596,340,21,True,haute
433,174,panne_internet,2025-02-13 06:39:01.775012,361,5,True,moyenne
434,175,probleme_telephonie,2025-05-19 05:44:39.951007,212,37,True,faible
435,175,panne_internet,2025-02-22 06:26:31.032006,439,14,True,moyenne
436,175,panne_internet,2025-05-07 09:01:21.285901,375,49,True,haute
437,176,coupure_electricite,2025-07-11 04:19:16.061802,393,31,True,faible
438,176,probleme_materiel,2025-03-28 18:51:07.817062,200,34,True,faible
439,176,probleme_telephonie,2025-07-15 15:56:03.392383,382,23,True,moyenne
440,176,maintenance_programmee,2025-04-26 21:02:47.054898,230,33,True,moyenne
441,176,probleme_telephonie,2025-06-01 11:27:10.258760,160,25,True,moyenne
442,178,probleme_telephonie,2025-05-22 07:41:36.394986,395,28,True,haute
443,178,logiciel_indisponible,2025-04-18 04:53:41.218281,317,23,True,moyenne
444,179,probleme_materiel,2025-07-03 21:35:21.208871,101,25,True,faible
445,180,coupure_electricite,2025-03-14 12:12:02.067220,118,23,True,faible
446,180,maintenance_programmee,2025-06-05 15:05:26.842011,185,15,True,haute
447,180,coupure_electricite,2025-05-15 20:30:27.357778,159,38,True,haute
448,181,logiciel_indisponible,2025-02-27 04:10:48.160868,280,13,True,haute
449,182,coupure_electricite,2025-03-08 20:02:12.576136,198,25,True,faible
450,182,coupure_electricite,2025-06-11 00:01:40.875642,138,24,True,haute
451,182,maintenance_programmee,2025-06-26 07:29:47.952870,429,34,True,faible
452,183,probleme_materiel,2025-02-22 11:28:42.753477,369,23,True,faible
453,183,coupure_electricite,2025-02-14 07:47:29.044522,163,11,True,haute
454,184,coupure_electricite,2025-04-28 04:21:22.765979,99,29,True,haute
455,184,probleme_telephonie,2025-06-03 06:34:55.060843,408,37,True,haute
456,184,maintenance_programmee,2025-01-27 23:00:03.164020,188,42,True,faible
457,184,maintenance_programmee,2025-06-19 05:22:25.198009,413,10,True,faible
458,185,probleme_telephonie,2025-03-27 09:14:47.181279,320,44,True,faible
459,185,coupure_electricite,2025-07-11 15:10:46.398029,398,20,True,haute
460,188,panne_internet,2025-05-18 13:17:40.840024,316,24,True,moyenne
461,188,coupure_electricite,2025-04-14 04:00:56.088679,154,22,True,faible
462,188,maintenance_programmee,2025-03-31 10:41:54.136645,431,5,True,moyenne
463,189,probleme_telephonie,2025-07-01 02:01:23.176251,49,41,True,haute
464,189,logiciel_indisponible,2025-04-18 15:52:11.676325,259,32,True,haute
465,189,coupure_electricite,2025-05-11 12:27:18.088949,454,26,True,moyenne
466,189,panne_internet,2025-03-22 00:15:52.020050,181,36,True,moyenne
467,190,probleme_materiel,2025-06-10 20:46:00.515549,324,9,True,faible
468,190,probleme_telephonie,2025-03-24 15:20:55.317365,459,0,True,faible
469,190,coupure_electricite,2025-03-15 12:10:12.250069,34,35,True,faible
470,190,panne_internet,2025-04-12 09:03:38.051235,329,28,True,moyenne
471,190,maintenance_programmee,2025-01-26 09:41:28.777752,245,25,True,faible
472,191,probleme_materiel,2025-03-13 12:40:21.514247,173,33,True,faible
473,191,probleme_telephonie,2025-01-25 22:46:15.933163,186,21,True,faible
474,191,logiciel_indisponible,2025-02-06 09:36:40.043690,62,14,True,haute
475,192,panne_internet,2025-02-28 14:29:32.251202,277,27,True,moyenne
476,192,probleme_telephonie,2025-01-23 03:21:31.521429,450,46,True,haute
477,192,probleme_telephonie,2025-05-01 15:41:03.457158,41,9,True,moyenne
478,194,probleme_telephonie,2025-01-20 06:59:49.612553,80,23,True,faible
479,195,maintenance_programmee,2025-01-24 22:00:31.025771,188,41,True,moyenne
480,195,probleme_materiel,2025-06-03 15:40:45.348825,383,43,True,faible
481,195,coupure_electricite,2025-06-12 11:22:59.396306,131,29,True,faible
482,197,probleme_materiel,2025-03-12 18:56:06.588541,405,35,True,haute
483,197,coupure_electricite,2025-06-15 21:59:40.096063,287,14,True,haute
484,197,probleme_materiel,2025-02-11 04:42:49.705707,306,25,True,faible
485,197,probleme_materiel,2025-03-05 07:06:33.784945,349,16,True,haute
486,198,maintenance_programmee,2025-03-19 11:14:02.850503,86,5,True,faible
487,198,probleme_telephonie,2025-02-19 13:11:15.138684,83,11,True,moyenne
488,198,logiciel_indisponible,2025-04-05 10:09:35.324750,440,42,True,haute
489,198,logiciel_indisponible,2025-04-30 07:20:07.241340,67,0,True,haute
490,199,maintenance_programmee,2025-04-06 04:55:44.653996,476,17,True,moyenne
491,199,maintenance_programmee,2025-01-25 08:53:18.600548,36,39,True,haute
492,200,probleme_telephonie,2025-05-31 09:44:14.127599,421,40,True,faible
493,202,coupure_electricite,2025-03-29 23:22:38.600479,419,23,True,moyenne
494,203,maintenance_programmee,2025-04-05 00:38:18.010166,335,4,True,faible
495,203,probleme_telephonie,2025-05-15 14:46:16.255454,346,17,True,haute
496,204,maintenance_programmee,2025-06-04 19:45:50.094512,32,1,True,faible
497,204,coupure_electricite,2025-06-01 17:35:36.472051,98,47,True,moyenne
498,204,probleme_telephonie,2025-04-15 03:09:18.752648,261,27,True,faible
499,204,maintenance_programmee,2025-06-09 21:51:37.154767,409,13,True,haute
500,205,logiciel_indisponible,2025-05-28 22:11:40.396611,173,2,True,faible
501,205,panne_internet,2025-02-16 15:53:01.213571,422,9,True,moyenne
502,206,coupure_electricite,2025-05-26 06:25:25.357591,445,12,True,moyenne
503,206,logiciel_indisponible,2025-06-06 17:07:10.346885,248,26,True,haute
504,206,logiciel_indisponible,2025-01-21 02:16:46.606445,430,25,True,haute
505,206,probleme_materiel,2025-07-14 14:39:33.102064,430,19,True,faible
506,207,coupure_electricite,2025-03-12 04:37:59.230575,415,28,True,moyenne
507,207,logiciel_indisponible,2025-07-09 21:24:14.999309,375,0,True,moyenne
508,207,probleme_telephonie,2025-04-06 21:03:22.427883,86,20,True,haute
509,208,maintenance_programmee,2025-07-16 11:38:50.635633,226,38,True,haute
510,208,panne_internet,2025-04-06 23:33:53.046430,167,14,True,haute
511,209,panne_internet,2025-06-23 20:20:07.816005,236,2,True,moyenne
512,209,coupure_electricite,2025-06-13 20:46:43.509355,110,39,True,haute
513,209,probleme_telephonie,2025-07-08 17:34:15.032016,139,27,True,faible
514,210,logiciel_indisponible,2025-05-18 05:46:49.019474,322,17,True,moyenne
515,210,probleme_telephonie,2025-06-06 20:03:57.873042,269,2,True,haute
516,212,logiciel_indisponible,2025-06-17 10:30:26.758255,98,19,True,haute
517,212,panne_internet,2025-04-22 20:37:01.875650,417,35,True,haute
518,212,panne_internet,2025-03-09 10:03:50.228144,405,42,True,moyenne
519,213,probleme_telephonie,2025-05-19 07:02:30.942489,66,48,True,moyenne
520,213,coupure_electricite,2025-07-08 05:03:44.729069,280,35,True,moyenne
521,213,logiciel_indisponible,2025-04-02 22:26:57.748204,130,13,True,moyenne
522,213,probleme_materiel,2025-05-18 09:11:06.510174,393,30,True,haute
523,213,probleme_telephonie,2025-03-18 10:59:45.418269,466,17,True,moyenne
524,214,coupure_electricite,2025-05-27 17:20:16.483987,147,37,True,faible
525,214,probleme_telephonie,2025-04-20 22:04:41.099243,257,10,True,haute
526,214,probleme_telephonie,2025-02-01 15:54:26.212559,342,22,True,faible
527,214,probleme_telephonie,2025-03-26 06:25:03.287486,181,39,True,haute
528,215,panne_internet,2025-05-05 02:33:19.437435,123,28,True,faible
529,215,probleme_telephonie,2025-04-29 22:13:32.744285,178,38,True,moyenne
530,216,probleme_telephonie,2025-06-24 18:40:22.612439,67,30,True,moyenne
531,217,maintenance_programmee,2025-07-10 00:46:57.641982,313,41,True,haute
532,217,coupure_electricite,2025-04-23 02:43:13.689380,372,20,True,faible
533,217,panne_internet,2025-05-15 19:54:13.949960,206,12,True,haute
534,219,probleme_telephonie,2025-04-12 11:41:42.985119,152,23,True,moyenne
535,220,probleme_telephonie,2025-06-10 08:51:43.981317,316,44,True,faible
536,220,coupure_electricite,2025-06-08 19:21:48.530706,436,20,True,faible
537,220,probleme_materiel,2025-07-04 08:11:21.043977,41,46,True,moyenne
538,221,logiciel_indisponible,2025-05-29 16:19:21.040894,153,17,True,faible
539,221,panne_internet,2025-07-15 08:13:41.798058,74,35,True,haute
540,221,maintenance_programmee,2025-05-11 21:30:33.441873,312,42,True,haute
541,221,probleme_materiel,2025-04-28 23:58:11.559022,339,5,True,faible
542,221,logiciel_indisponible,2025-05-13 22:03:34.370484,299,31,True,faible
543,222,coupure_electricite,2025-04-26 00:48:47.083793,291,36,True,moyenne
544,222,probleme_telephonie,2025-05-02 11:34:55.629712,342,31,True,haute
545,222,logiciel_indisponible,2025-02-25 13:35:22.428384,332,27,True,faible
546,222,maintenance_programmee,2025-02-14 06:36:17.817031,382,28,True,moyenne
547,223,probleme_telephonie,2025-05-04 05:28:30.394545,458,22,True,haute
548,223,maintenance_programmee,2025-06-12 19:12:08.944181,162,0,True,moyenne
549,223,panne_internet,2025-05-01 03:59:39.943238,370,44,True,moyenne
550,223,panne_internet,2025-04-07 04:58:17.526585,476,2,True,haute
551,226,panne_internet,2025-01-19 21:53:33.948056,460,13,True,faible
552,226,probleme_materiel,2025-02-03 04:02:00.311644,61,21,True,moyenne
553,226,panne_internet,2025-05-08 01:24:27.024984,102,36,True,haute
554,226,probleme_materiel,2025-04-18 18:40:40.917031,104,21,True,haute
555,226,probleme_materiel,2025-07-17 18:18:48.137481,448,8,True,moyenne
556,227,probleme_telephonie,2025-05-22 09:38:20.434562,62,36,True,haute
557,227,probleme_materiel,2025-05-04 19:26:59.150744,159,23,True,haute
558,227,maintenance_programmee,2025-06-26 17:04:36.788976,88,49,True,haute
559,227,coupure_electricite,2025-03-13 10:58:58.144924,116,20,True,moyenne
560,227,coupure_electricite,2025-02-06 12:27:07.700053,428,4,True,faible
561,228,probleme_materiel,2025-07-05 05:00:16.275631,98,50,True,moyenne
562,230,probleme_telephonie,2025-03-04 05:10:32.658493,227,49,True,moyenne
563,230,coupure_electricite,2025-05-26 16:19:00.150968,203,2,True,faible
564,231,maintenance_programmee,2025-07-03 12:51:28.323305,337,30,True,haute
565,231,probleme_materiel,2025-04-07 17:53:20.385030,162,43,True,faible
566,231,probleme_telephonie,2025-05-22 16:59:50.563845,267,19,True,haute
567,231,logiciel_indisponible,2025-05-20 10:30:14.948982,415,34,True,faible
568,232,logiciel_indisponible,2025-02-14 18:21:20.812646,323,43,True,faible
569,233,logiciel_indisponible,2025-04-28 21:59:14.235704,315,2,True,haute
570,233,probleme_telephonie,2025-04-28 20:05:33.163958,395,36,True,haute
571,233,panne_internet,2025-03-19 10:39:39.676306,422,19,True,haute
572,234,logiciel_indisponible,2025-02-02 17:32:23.835068,226,42,True,moyenne
573,234,panne_internet,2025-03-25 10:46:39.593647,249,40,True,moyenne
574,234,maintenance_programmee,2025-06-08 13:03:29.433528,371,13,True,haute
575,235,panne_internet,2025-02-03 05:40:34.236836,434,8,True,faible
576,236,probleme_materiel,2025-02-05 14:16:30.070674,44,29,True,faible
577,236,logiciel_indisponible,2025-01-28 17:23:59.342334,67,10,True,faible
578,236,probleme_telephonie,2025-01-26 10:18:05.211483,258,30,True,moyenne
579,236,logiciel_indisponible,2025-03-01 04:02:29.419212,136,46,True,moyenne
580,236,maintenance_programmee,2025-03-04 09:20:13.148715,246,24,True,moyenne
581,237,coupure_electricite,2025-07-06 01:56:21.376256,38,4,True,haute
582,237,probleme_telephonie,2025-06-21 20:54:47.046057,117,11,True,haute
583,237,logiciel_indisponible,2025-04-02 13:52:02.004961,247,3,True,haute
584,237,probleme_telephonie,2025-06-15 18:18:26.384170,62,2,True,haute
585,237,panne_internet,2025-03-28 15:36:59.388210,74,18,True,moyenne
586,238,probleme_materiel,2025-03-28 11:52:07.310549,307,45,True,haute
587,238,coupure_electricite,2025-05-30 10:11:45.433854,234,34,True,moyenne
588,238,logiciel_indisponible,2025-03-24 09:01:03.092406,51,15,True,moyenne
589,239,probleme_materiel,2025-02-17 10:38:07.634080,461,50,True,moyenne
590,239,logiciel_indisponible,2025-04-15 05:20:41.727692,187,22,True,moyenne
591,239,probleme_materiel,2025-06-05 19:30:45.323228,169,32,True,faible
592,239,panne_internet,2025-06-12 16:15:46.669768,431,32,True,moyenne
593,240,maintenance_programmee,2025-04-25 14:38:54.847575,360,26,True,faible
594,240,coupure_electricite,2025-02-01 15:14:02.904955,459,19,True,faible
595,240,probleme_materiel,2025-06-20 12:21:11.261717,456,5,True,haute
596,240,panne_internet,2025-03-02 14:47:10.381908,316,16,True,faible
597,241,panne_internet,2025-02-05 11:44:11.727822,388,4,True,haute
598,242,probleme_materiel,2025-05-28 20:38:40.217567,387,7,True,faible
599,242,maintenance_programmee,2025-07-13 19:57:03.290859,443,47,True,moyenne
600,242,logiciel_indisponible,2025-03-27 15:21:30.606300,189,22,True,moyenne
601,242,maintenance_programmee,2025-02-20 10:03:39.975362,229,10,True,moyenne
602,243,maintenance_programmee,2025-01-27 15:15:36.935015,459,24,True,moyenne
603,243,probleme_telephonie,2025-04-04 12:43:19.409151,400,18,True,faible
604,243,coupure_electricite,2025-06-08 06:57:58.888434,47,46,True,haute
605,243,maintenance_programmee,2025-02-27 15:27:37.456107,371,22,True,faible
606,243,logiciel_indisponible,2025-05-07 09:05:23.341355,238,25,True,moyenne
607,245,probleme_telephonie,2025-03-17 13:19:33.829830,222,10,True,haute
608,245,panne_internet,2025-03-29 10:15:05.785251,82,30,True,moyenne
609,245,logiciel_indisponible,2025-06-01 09:38:57.197552,132,35,True,haute
610,245,probleme_telephonie,2025-03-07 17:31:00.722108,329,46,True,moyenne
611,246,probleme_telephonie,2025-05-31 00:35:28.004099,180,43,True,faible
612,246,logiciel_indisponible,2025-06-11 02:56:49.968755,211,31,True,moyenne
613,247,logiciel_indisponible,2025-04-04 20:05:08.310437,202,7,True,faible
614,247,panne_internet,2025-05-01 21:41:25.300246,306,30,True,haute
615,247,maintenance_programmee,2025-06-23 23:28:10.910346,169,29,True,faible
616,248,coupure_electricite,2025-05-18 08:29:51.188101,286,33,True,haute
617,249,logiciel_indisponible,2025-03-03 16:40:15.697208,301,11,True,faible
618,249,probleme_telephonie,2025-07-13 17:44:44.310390,279,2,True,faible
619,249,panne_internet,2025-03-06 21:24:36.807311,397,39,True,haute
620,249,panne_internet,2025-04-17 13:14:05.381898,356,30,True,faible
621,249,probleme_telephonie,2025-06-10 00:19:29.681755,72,11,True,moyenne
622,250,maintenance_programmee,2025-06-23 15:59:16.787130,448,48,True,moyenne
623,251,coupure_electricite,2025-05-26 07:34:36.819670,302,36,True,faible
624,253,panne_internet,2025-03-24 16:40:42.268398,60,34,True,haute
625,254,maintenance_programmee,2025-05-09 21:01:37.489159,270,12,True,haute
626,254,probleme_materiel,2025-06-12 15:16:28.418576,75,1,True,faible
627,255,logiciel_indisponible,2025-06-12 07:16:06.272200,138,29,True,moyenne
628,256,probleme_telephonie,2025-03-13 23:06:23.055084,263,7,True,haute
629,256,panne_internet,2025-03-04 13:56:31.845984,95,34,True,moyenne
630,256,panne_internet,2025-06-20 15:55:30.759666,99,6,True,faible
631,257,panne_internet,2025-06-30 00:12:35.717663,324,5,True,haute
632,258,probleme_materiel,2025-04-21 09:00:09.487583,102,15,True,faible
633,258,coupure_electricite,2025-02-03 10:51:19.338010,121,40,True,faible
634,258,coupure_electricite,2025-04-22 23:16:17.209140,264,40,True,faible
635,258,panne_internet,2025-02-21 01:55:25.932777,469,18,True,haute
636,259,panne_internet,2025-03-22 19:14:09.093994,60,7,True,moyenne
637,259,maintenance_programmee,2025-07-02 18:45:02.923367,302,46,True,haute
638,259,logiciel_indisponible,2025-06-29 01:05:40.089764,432,45,True,faible
639,259,maintenance_programmee,2025-06-16 19:59:02.037618,108,27,True,faible
640,260,probleme_materiel,2025-05-19 00:55:09.096282,201,1,True,haute
641,261,coupure_electricite,2025-05-05 07:51:44.545473,396,0,True,haute
642,261,logiciel_indisponible,2025-04-28 03:51:14.898171,97,0,True,faible
643,261,coupure_electricite,2025-01-25 12:47:13.302526,415,50,True,haute
644,261,coupure_electricite,2025-03-04 21:52:03.845040,246,19,True,haute
645,261,coupure_electricite,2025-06-16 16:04:33.586591,256,9,True,haute
646,263,logiciel_indisponible,2025-02-21 17:23:03.603697,132,5,True,faible
647,263,logiciel_indisponible,2025-05-29 05:54:01.392395,138,21,True,moyenne
648,263,probleme_telephonie,2025-04-25 12:05:00.868343,429,11,True,moyenne
649,263,probleme_telephonie,2025-04-28 09:28:47.044390,148,31,True,haute
650,264,coupure_electricite,2025-06-03 17:52:45.584836,206,36,True,faible
651,264,coupure_electricite,2025-01-25 07:19:34.766295,253,17,True,haute
652,265,probleme_telephonie,2025-06-17 00:26:52.689588,91,22,True,moyenne
653,266,probleme_materiel,2025-07-08 16:35:07.334911,357,9,True,faible
654,266,logiciel_indisponible,2025-04-01 17:03:06.357280,169,27,True,moyenne
655,266,probleme_telephonie,2025-02-15 10:29:46.988206,452,13,True,faible
656,266,probleme_telephonie,2025-03-13 12:35:31.521663,68,19,True,haute
657,267,maintenance_programmee,2025-02-03 12:47:09.582302,106,12,True,haute
658,267,probleme_telephonie,2025-03-19 04:06:53.120831,235,12,True,haute
659,267,coupure_electricite,2025-03-31 16:31:11.593350,395,44,True,faible
660,267,probleme_telephonie,2025-03-15 17:05:43.746467,176,24,True,moyenne
661,267,logiciel_indisponible,2025-02-18 13:17:01.942657,438,48,True,haute
662,268,coupure_electricite,2025-06-15 15:11:36.616568,33,11,True,faible
663,268,maintenance_programmee,2025-06-25 22:18:13.933973,390,34,True,faible
664,268,coupure_electricite,2025-06-13 22:56:26.337153,96,14,True,moyenne
665,268,probleme_materiel,2025-03-18 18:20:34.573619,316,40,True,faible
666,268,panne_internet,2025-01-27 17:36:07.078649,371,4,True,faible
667,269,maintenance_programmee,2025-06-09 07:18:52.819202,341,8,True,haute
668,270,probleme_telephonie,2025-03-09 04:25:24.579461,291,14,True,haute
669,270,logiciel_indisponible,2025-04-12 18:19:51.940492,51,30,True,haute
670,271,panne_internet,2025-06-11 23:51:32.948396,415,22,True,faible
671,272,logiciel_indisponible,2025-04-21 14:54:33.214433,283,31,True,faible
672,272,probleme_materiel,2025-02-06 00:59:06.344759,229,2,True,haute
673,272,coupure_electricite,2025-03-30 07:09:56.599630,40,6,True,faible
674,272,maintenance_programmee,2025-03-30 20:58:55.600727,297,18,True,haute
675,273,probleme_telephonie,2025-04-20 14:44:15.092661,456,23,True,haute
676,273,probleme_telephonie,2025-03-30 05:11:00.122407,89,20,True,haute
677,273,probleme_materiel,2025-05-15 14:00:24.150665,309,44,True,faible
678,273,probleme_materiel,2025-05-18 05:37:59.226830,465,16,True,faible
679,274,probleme_telephonie,2025-05-04 21:21:28.593957,347,18,True,moyenne
680,274,maintenance_programmee,2025-05-29 00:36:08.789069,142,11,True,faible
681,274,maintenance_programmee,2025-03-03 14:29:21.998440,353,50,True,moyenne
682,274,probleme_telephonie,2025-03-09 00:36:13.224004,299,33,True,haute
683,274,maintenance_programmee,2025-06-16 01:05:34.285538,332,11,True,moyenne
684,277,probleme_telephonie,2025-06-21 23:27:13.586371,284,12,True,faible
685,277,probleme_materiel,2025-02-26 22:54:18.465626,480,8,True,moyenne
686,278,panne_internet,2025-06-19 00:42:35.675109,258,27,True,moyenne
687,278,maintenance_programmee,2025-05-22 05:42:28.993345,135,11,True,haute
688,278,coupure_electricite,2025-06-18 16:14:46.427652,325,9,True,moyenne
689,279,panne_internet,2025-01-31 04:40:39.242971,122,40,True,moyenne
690,279,logiciel_indisponible,2025-03-20 05:30:23.890845,260,3,True,moyenne
691,279,probleme_materiel,2025-04-30 14:58:34.598477,110,39,True,moyenne
692,279,maintenance_programmee,2025-03-19 21:52:30.631079,76,42,True,moyenne
693,279,maintenance_programmee,2025-02-28 04:59:32.377383,179,10,True,haute
694,280,maintenance_programmee,2025-04-13 21:55:01.612056,419,25,True,haute
695,282,probleme_telephonie,2025-05-15 01:27:48.162260,427,41,True,faible
696,282,probleme_telephonie,2025-02-05 01:55:08.258291,120,32,True,moyenne
697,282,probleme_materiel,2025-02-24 00:46:59.395613,384,26,True,haute
698,283,logiciel_indisponible,2025-06-04 19:15:20.633830,137,49,True,haute
699,284,coupure_electricite,2025-03-13 01:25:25.504311,207,22,True,moyenne
700,285,panne_internet,2025-06-16 21:54:11.125734,197,30,True,faible
701,286,maintenance_programmee,2025-04-09 20:36:29.838356,327,38,True,haute
702,286,probleme_telephonie,2025-07-04 21:02:35.537038,284,35,True,faible
703,286,logiciel_indisponible,2025-02-19 18:57:53.217920,470,34,True,moyenne
704,287,logiciel_indisponible,2025-06-28 01:58:49.092842,254,48,True,haute
705,287,coupure_electricite,2025-04-08 14:10:16.631336,54,45,True,faible
706,287,probleme_telephonie,2025-03-30 01:54:47.251956,139,25,True,moyenne
707,287,probleme_telephonie,2025-04-03 22:07:40.309797,413,40,True,faible
708,288,logiciel_indisponible,2025-02-28 00:37:01.419559,86,22,True,moyenne
709,288,probleme_materiel,2025-03-16 05:03:30.547608,142,45,True,moyenne
710,288,probleme_telephonie,2025-04-01 21:42:37.616653,286,39,True,faible
711,288,probleme_telephonie,2025-03-26 03:19:22.747042,209,34,True,moyenne
712,288,probleme_telephonie,2025-05-05 11:58:46.085494,225,4,True,haute
713,289,probleme_telephonie,2025-04-15 08:40:44.848273,181,49,True,moyenne
714,289,probleme_telephonie,2025-03-12 10:54:56.232816,319,15,True,moyenne
715,289,probleme_telephonie,2025-04-09 07:27:45.150621,279,41,True,haute
716,289,panne_internet,2025-04-24 13:32:17.111687,161,48,True,faible
717,289,maintenance_programmee,2025-04-16 20:46:16.956297,237,47,True,haute
718,290,logiciel_indisponible,2025-04-13 04:20:06.177650,273,44,True,faible
719,290,coupure_electricite,2025-05-02 00:02:22.417210,101,31,True,haute
720,290,coupure_electricite,2025-05-12 00:39:40.795933,217,7,True,moyenne
721,290,maintenance_programmee,2025-01-20 06:01:18.653561,235,11,True,haute
722,290,probleme_telephonie,2025-01-26 06:29:20.366834,306,27,True,moyenne
723,291,probleme_telephonie,2025-03-06 00:35:16.914753,314,33,True,haute
724,291,probleme_telephonie,2025-07-08 00:22:14.018409,270,48,True,faible
725,291,probleme_telephonie,2025-03-06 14:13:42.812349,229,46,True,faible
726,291,probleme_materiel,2025-06-11 01:41:20.070098,415,43,True,faible
727,292,maintenance_programmee,2025-01-20 23:34:04.202693,371,14,True,moyenne
728,294,panne_internet,2025-05-23 07:19:34.263716,375,36,True,faible
729,295,logiciel_indisponible,2025-04-05 00:28:31.322085,468,15,True,moyenne
730,295,panne_internet,2025-05-24 23:29:21.183182,229,33,True,faible
731,295,maintenance_programmee,2025-01-21 21:17:05.235511,306,4,True,faible
732,296,probleme_telephonie,2025-03-26 15:10:19.056444,271,50,True,faible
733,297,logiciel_indisponible,2025-01-21 12:12:33.873224,338,0,True,moyenne
734,298,probleme_materiel,2025-03-10 21:34:02.941288,426,14,True,moyenne
735,298,probleme_telephonie,2025-03-23 14:43:45.749987,177,12,True,haute
736,298,coupure_electricite,2025-02-01 23:42:22.216768,154,36,True,haute
737,298,probleme_materiel,2025-05-05 23:05:48.987661,302,39,True,haute
738,299,probleme_materiel,2025-02-15 13:03:27.773394,308,50,True,faible
739,299,panne_internet,2025-05-01 04:02:31.400620,150,8,True,moyenne
740,300,coupure_electricite,2025-04-02 05:06:59.871577,349,50,True,faible
741,300,logiciel_indisponible,2025-07-09 13:36:46.824996,403,49,True,moyenne
742,300,panne_internet,2025-04-11 23:50:28.942961,325,46,True,moyenne
