id,nom,adresse,code_postal,ville,departement,region,latitude,longitude,type_structure,date_ouverture,nb_conseillers,services_disponibles,population_desservie,statut
1,France Services Lemonnier-sur-Mer,"66, avenue Pons 46704 Sainte Corinne",93704,MailletBourg,Ariège,Grand Est,68.5174525,-156.586346,entreprise,2021-03-07,8,energie|social|acces_droit|famille|logement|emploi|services_postaux|sante,44775,active
2,France Services Sainte Virginieboeuf,"4, boulevard de Le Gall 67610 Launay",44458,Ribeiro-sur-Caron,Meurthe-et-Moselle,Hauts-de-France,2.4011385,43.126962,gip,2021-12-24,7,social|retraite|energie|logement|sante,7961,active
3,France Services Collet-sur-Roux,"90, rue Ferrand 40780 Lecoqdan",54939,Blanchard-sur-Jourdan,Rhône,Grand Est,77.5034465,-133.913896,gip,2024-06-20,7,retraite|energie|emploi|services_postaux|social|acces_droit,7467,active
4,France Services Boulanger,"58, chemin Valette 20560 BlancBourg",34374,Sainte William,Saône-et-Loire,Provence-Alpes-Côte d'Azur,-66.3093285,90.960146,gip,2022-05-22,6,emploi|energie|logement|acces_droit|sante,49535,active
5,France Services Sainte Louisenec,"64, avenue de Gosselin 20643 Klein",13366,Pasquier,Savoie,Hauts-de-France,-63.962364,-77.518809,entreprise,2023-04-14,8,sante|social|retraite|services_postaux|emploi,22302,active
6,France Services Massonboeuf,"8, chemin Agnès Lefèvre 81397 Delaunay",18574,LaunayBourg,Alpes-de-Haute-Provence,Normandie,55.249785,164.424723,gip,2024-12-12,6,emploi|social|sante|retraite|acces_droit|logement|famille|services_postaux|energie,47352,active
7,France Services Hoarau,"5, rue de Lacombe 30645 Saint Éléonore",74730,Pasquier,Gers,Bretagne,28.5300795,-91.270441,gip,2023-01-26,7,social|famille|sante|emploi|logement|retraite,31296,active
8,France Services Sainte Astrid,rue Adèle Seguin 07160 Leconte,10703,Sainte Agathe,Haute-Loire,Corse,47.972556,165.194787,collectivite,2022-04-26,3,logement|sante|acces_droit|social|emploi|services_postaux|energie|famille,44569,active
9,France Services Benard-sur-Mer,"24, avenue Alfred Normand 49753 Breton-les-Bains",51577,Carlier-sur-Mer,Yonne,Corse,-20.0267125,-73.712981,entreprise,2022-01-20,7,logement|sante|social|retraite|services_postaux|energie|famille|acces_droit|emploi,29238,active
10,France Services Saint Andrée,"34, boulevard Stéphanie Dubois 41306 Germain",35556,Hernandez,Indre,Centre-Val de Loire,68.6567655,121.981807,association,2022-02-27,8,acces_droit|energie|emploi|sante|logement,29019,active
11,France Services Neveu,"16, rue Isabelle Dupuis 84122 Schmitt",01759,Martins-sur-Gaudin,Allier,Île-de-France,73.922826,100.734433,association,2025-04-07,2,logement|famille|retraite|emploi|energie|acces_droit|services_postaux|sante|social,12712,active
12,France Services Bourgeoisdan,"8, rue Henri Boucher 48745 Saint Célineboeuf",10121,Garcia,Aube,Bretagne,54.376595,136.144927,association,2022-11-01,2,acces_droit|logement|social|services_postaux|energie|retraite|famille|sante,46066,active
13,France Services Bruneau,"114, rue Pottier 29189 Sainte Jeannine-la-Forêt",61471,Bertinboeuf,Haute-Savoie,Pays de la Loire,23.4223385,4.958745,association,2025-07-03,5,services_postaux|social|logement|retraite|energie,12659,active
14,France Services Sainte Odetteboeuf,rue Grondin 49243 Saint Anouk,28186,Bouchetboeuf,Bouches-du-Rhône,Pays de la Loire,-65.4624465,64.683349,collectivite,2021-10-31,7,energie|emploi|social|acces_droit|logement|services_postaux|sante|retraite|famille,33821,active
15,France Services Gautier,"1, avenue Éléonore Schmitt 93498 Saint Antoinette",97271,Delmas-sur-Mer,Bas-Rhin,Hauts-de-France,-50.3854925,44.768463,association,2024-05-23,1,emploi|energie|logement|retraite|famille,9380,active
16,France Services Huetnec,"65, rue Hamel 84132 Marchand-sur-Noël",82574,RodriguezBourg,Guadeloupe,Bretagne,-11.5410275,-44.578782,entreprise,2020-12-25,4,services_postaux|social|acces_droit|energie|retraite|famille,40141,active
17,France Services Sainte Margot,"85, rue Da Silva 17647 Paul",55401,PagesBourg,Territoire de Belfort,Hauts-de-France,43.804979,147.771166,entreprise,2025-04-05,1,energie|emploi|logement|acces_droit|retraite|social|services_postaux,23190,active
18,France Services Caron-la-Forêt,"59, boulevard Monique Reynaud 31594 Martin",88329,Delorme,Loire,Grand Est,-26.3436655,24.312529,collectivite,2020-10-07,4,sante|famille|acces_droit|social|emploi|services_postaux|logement|energie|retraite,7890,active
19,France Services Chevalier-sur-Mer,rue Leduc 32172 Guyon,78862,Hebert-la-Forêt,Haute-Savoie,Auvergne-Rhône-Alpes,-17.7293785,-40.027836,association,2023-12-22,7,services_postaux|energie|emploi|social|logement|retraite|acces_droit|famille,46326,active
20,France Services Hamon,"70, avenue Traore 72105 Bruneau-les-Bains",89769,Bonneau-sur-Le Roux,Dordogne,Occitanie,-42.011939,-131.392532,collectivite,2025-02-14,8,acces_droit|social|energie|emploi|sante|retraite,44831,active
21,France Services Raymondnec,boulevard Marty 08497 DumontVille,30576,Bessonboeuf,Meuse,Provence-Alpes-Côte d'Azur,48.2615045,-33.577899,gip,2021-05-29,3,logement|sante|services_postaux|emploi|famille|retraite|acces_droit,17414,active
22,France Services Boulay,"87, avenue Lecoq 32581 Saint Catherine",94566,Roussel-sur-Maillet,Cantal,Occitanie,-75.035246,-58.077694,association,2020-10-01,2,social|acces_droit|logement|retraite|famille|energie|services_postaux|sante,19248,active
23,France Services Blanchard,"56, rue Geneviève Rivière 65718 Saint Joséphine",39488,Saint Hélènenec,Manche,Hauts-de-France,48.192428,-107.569911,association,2024-05-05,4,sante|social|retraite|famille|services_postaux|acces_droit|energie,19095,active
24,France Services Carpentier-la-Forêt,"873, boulevard de Leblanc 66393 Saint Jérôme",91687,Petit,Gironde,Nouvelle-Aquitaine,-43.963303,43.904473,gip,2020-07-24,4,services_postaux|retraite|sante|acces_droit|emploi|social|energie|logement|famille,20491,active
25,France Services Bouvierdan,"2, rue Eugène Lopes 33548 Saint Margot",48874,Muller-sur-Huet,Vosges,Auvergne-Rhône-Alpes,-38.898699,25.082561,entreprise,2022-02-26,4,social|emploi|sante|famille|energie,14302,active
26,France Services Saint Frédérique,"18, rue Agnès Gautier 20627 Saint ÉmileVille",93934,Andre,Seine-Maritime,Normandie,4.990994,114.620407,association,2020-08-25,3,energie|famille|logement|acces_droit|social|retraite,15902,active
27,France Services Sainte RaymondVille,rue de Lefebvre 91978 Pascal,77904,Weber,Charente,Normandie,-58.466245,47.047385,association,2023-09-25,5,social|energie|acces_droit|logement|emploi|sante|famille,13143,active
28,France Services Lucas,avenue de Garcia 24505 Saint Yves-sur-Mer,14110,Renaud,Eure,Auvergne-Rhône-Alpes,-55.1560415,157.075217,entreprise,2022-11-20,4,sante|services_postaux|retraite|acces_droit|logement|social|famille|energie,49796,active
29,France Services Barredan,"93, rue Clémence Guilbert 28584 Regniernec",72564,Boutin,Oise,Grand Est,63.780403,-142.319509,collectivite,2025-01-01,3,logement|social|famille|energie|emploi|sante,7256,active
30,France Services Giraud-les-Bains,"7, avenue Gabrielle Voisin 70382 Chartier",03791,Saint Bernard,Indre-et-Loire,Île-de-France,14.134243,55.508948,association,2021-02-23,1,social|sante|services_postaux|retraite|acces_droit|logement|energie|emploi,47015,active
31,France Services Roy,"160, rue de Jourdan 43912 Galletnec",74255,Buissondan,Eure-et-Loir,Pays de la Loire,81.145905,152.804225,entreprise,2021-10-25,3,famille|retraite|logement|social|acces_droit|energie|emploi,37363,active
32,France Services RivièreBourg,"8, avenue Albert 94218 Dupuy-sur-Martin",26279,Carre,Vendée,Grand Est,67.9110075,48.791881,collectivite,2022-08-30,3,services_postaux|logement|emploi|sante|energie|retraite|social|acces_droit,14291,active
33,France Services Bazin,"423, rue de Carpentier 97124 Alexandre",54407,Roger,La Réunion,Auvergne-Rhône-Alpes,89.810029,131.074307,entreprise,2023-02-12,3,services_postaux|famille|logement|retraite|energie|social|emploi,26495,active
34,France Services Saint AdèleVille,"726, rue de Bigot 87617 Robindan",40774,Blanc,Yonne,Occitanie,-7.337556,-53.124262,gip,2025-05-03,8,logement|famille|retraite|services_postaux|social|acces_droit|sante|emploi,27338,active
35,France Services Goncalves,"2, chemin de Pruvost 26950 Colasboeuf",12792,Legros,Vaucluse,Pays de la Loire,72.6800235,174.248106,gip,2022-05-10,6,logement|energie|retraite|famille|emploi|services_postaux|sante|social,32290,active
36,France Services LebrunVille,"39, rue Martin Moreno 97386 Marquesnec",53394,Grégoire-sur-Lejeune,Finistère,Centre-Val de Loire,-78.973091,40.175862,gip,2024-01-05,8,emploi|sante|famille|logement|energie|retraite|acces_droit,42120,active
37,France Services Gallet,"35, boulevard Adèle Gauthier 61337 Saint Emmanuelle",20475,Sainte Adrien,Var,Île-de-France,10.9301335,-31.810963,gip,2022-07-21,7,emploi|services_postaux|logement|sante|acces_droit|famille|retraite|social|energie,19500,active
38,France Services Lacombe,boulevard Carlier 71655 Bernard,55577,Samson,Marne,Île-de-France,82.5724245,-148.571445,collectivite,2021-04-12,3,famille|sante|services_postaux|social|energie|emploi|logement,7864,active
39,France Services LamyBourg,"693, rue Camille Grenier 20327 Gaudin-la-Forêt",81174,Sainte Lorraine,Yonne,Grand Est,67.7242525,71.771277,association,2025-07-05,6,emploi|sante|logement|services_postaux|retraite|social|famille|acces_droit|energie,37521,active
40,France Services Moreau,"54, chemin de Barthelemy 63567 Berthelot",20152,Diallodan,Charente-Maritime,Nouvelle-Aquitaine,-77.9874695,-54.040688,entreprise,2024-10-16,2,acces_droit|social|emploi|sante|logement|retraite|services_postaux|famille,13483,active
41,France Services Blanchard-sur-Masse,rue Pierre 23166 Henrynec,97444,Sainte Christiane,Meuse,Normandie,-44.694618,-97.259303,collectivite,2021-08-20,1,services_postaux|social|acces_droit|famille|sante|energie,34220,active
42,France Services Saint Victoire,avenue Claude Payet 97166 De Oliveira-sur-Hervé,74119,Roche,Dordogne,Provence-Alpes-Côte d'Azur,78.4485285,65.826448,gip,2022-08-28,5,energie|emploi|social|retraite|acces_droit|famille,5265,active
43,France Services Didier,"55, chemin Valentine Olivier 90675 CarpentierVille",21169,Langlois,Landes,Nouvelle-Aquitaine,-68.8237785,-109.057107,entreprise,2022-04-01,1,services_postaux|acces_droit|retraite|logement|sante,8864,active
44,France Services Torres-les-Bains,"20, chemin Morin 74601 Delannoy",91914,Lecomte-sur-Georges,Maine-et-Loire,Provence-Alpes-Côte d'Azur,-36.101949,-8.227108,gip,2024-01-15,6,sante|services_postaux|retraite|emploi|famille|energie,36181,active
45,France Services Lemoinedan,"87, avenue Perrier 67986 Diallo-la-Forêt",31672,Renault,Puy-de-Dôme,Île-de-France,-73.4784625,-112.703055,association,2022-09-23,8,sante|famille|services_postaux|social|logement|retraite|emploi,17395,active
46,France Services BourdonVille,"91, boulevard Bousquet 76227 MaréchalVille",17808,Thibault-la-Forêt,Tarn-et-Garonne,Corse,-28.1966135,-175.556366,gip,2025-06-24,3,retraite|logement|emploi|social|sante|famille,36448,active
47,France Services Albert,"45, boulevard Hernandez 71857 Martel-sur-Perret",40129,Fournierboeuf,Indre-et-Loire,Nouvelle-Aquitaine,-46.0924935,-31.673672,gip,2022-06-11,6,social|retraite|energie|logement|famille|emploi|acces_droit,7871,active
48,France Services Leduc,"368, avenue Thomas Hardy 80343 Lopes",09821,Roche,Mayenne,Nouvelle-Aquitaine,-56.7113115,71.248472,entreprise,2024-07-10,7,acces_droit|retraite|emploi|logement|famille|services_postaux|social|sante,5937,active
49,France Services Chauveauboeuf,"503, rue Lebrun 55169 Sainte Théodore",85722,Légerboeuf,Hautes-Alpes,Corse,28.931569,-103.891493,gip,2022-03-31,3,logement|social|famille|emploi|services_postaux|acces_droit,48060,active
50,France Services Berger,"25, chemin de Le Goff 89921 Petit",97334,Saint PaulBourg,Pas-de-Calais,Occitanie,5.0105615,-133.403921,collectivite,2022-07-21,7,sante|services_postaux|retraite|emploi|famille|logement,31831,active
51,France Services Bonnetboeuf,"39, rue de Léger 29161 Petitjean",54743,Saint Manon,Aude,Centre-Val de Loire,-48.4199825,-97.641922,entreprise,2024-09-07,4,retraite|emploi|services_postaux|sante|famille,44091,active
52,France Services Coulon-sur-Boyer,"60, rue Alexandria Merle 01524 Richard",54584,Saint Rémyboeuf,Mayotte,Grand Est,-23.5977,94.792246,collectivite,2024-11-26,2,acces_droit|famille|emploi|services_postaux|retraite|sante|social|logement,42024,active
53,France Services Humbert,"14, avenue Alexandria Bouvet 12495 Pierre",32822,Gillet,Côte-d'Or,Nouvelle-Aquitaine,-45.584743,52.121255,entreprise,2024-05-06,2,acces_droit|famille|logement|retraite|social|sante|energie|emploi,42256,active
54,France Services Marty,chemin Nicolas Godard 69729 Schmitt,01523,Saint Lucdan,Haute-Saône,Bretagne,-16.407756,-63.571844,collectivite,2021-08-25,2,energie|emploi|social|retraite|logement|acces_droit|sante|famille|services_postaux,37510,active
55,France Services Pierre,"220, avenue Cécile Lefèvre 63884 Alexandre",46273,Carpentier,Guyane,Corse,-67.056995,-167.535621,gip,2022-08-07,4,services_postaux|retraite|sante|energie|logement|acces_droit|famille,43949,active
56,France Services Reynaud-sur-Hoareau,"37, rue Maggie Pons 01192 Hamon",83539,Barthelemy,Ain,Normandie,31.6901,162.547267,collectivite,2021-11-22,6,famille|sante|logement|social|energie|services_postaux|acces_droit|retraite|emploi,11739,active
57,France Services Saint Luce,"30, boulevard de Rossi 95897 Grenier",51460,Saint Stéphane-sur-Mer,Marne,Île-de-France,-10.456485,-63.566732,gip,2021-07-19,6,sante|acces_droit|logement|services_postaux|emploi|famille,23222,active
58,France Services Sainte Franck,"3, chemin de Barre 66538 Carpentier",65336,LégerVille,Yvelines,Grand Est,-56.884083,98.439519,collectivite,2021-03-21,5,emploi|famille|services_postaux|acces_droit|retraite|logement|energie,18312,active
59,France Services Gaydan,"5, chemin Stéphanie Lefort 97471 BègueBourg",66704,Baron-sur-Maurice,Maine-et-Loire,Provence-Alpes-Côte d'Azur,-19.726253,71.588454,entreprise,2024-03-16,7,services_postaux|emploi|energie|retraite|logement|social|acces_droit|famille,43698,active
60,France Services Texiernec,"1, chemin Maréchal 93627 Diallo-sur-Pasquier",89110,Sainte DianeVille,Eure,Auvergne-Rhône-Alpes,20.390461,-99.211772,entreprise,2021-09-18,8,famille|retraite|energie|acces_droit|social|logement,48863,active
61,France Services Guilbertdan,"46, rue de Bonneau 01503 Marty",21846,Vallée,Martinique,Nouvelle-Aquitaine,-58.939998,3.408361,association,2023-07-10,5,social|retraite|services_postaux|sante|logement|famille|emploi|acces_droit|energie,25186,active
62,France Services Grégoire,chemin de Morel 15548 Sainte Aimédan,59207,Devaux,Marne,Pays de la Loire,-57.3640845,-27.506677,association,2021-02-18,7,sante|acces_droit|energie|retraite|social|logement,33709,active
63,France Services Maurice-sur-Mer,"53, rue Dijoux 16671 Weber",07842,DuvalBourg,Corse-du-Sud,Auvergne-Rhône-Alpes,-55.0870135,-29.074929,association,2020-10-11,1,retraite|sante|acces_droit|social|emploi,35688,active
64,France Services Sainte Nicolenec,"508, avenue Collet 11746 LerouxBourg",97280,Lebon-sur-Mer,Calvados,Auvergne-Rhône-Alpes,21.5909085,179.826325,gip,2023-10-14,3,famille|logement|social|retraite|emploi|services_postaux|energie,24482,active
65,France Services Leleu-les-Bains,"83, avenue de Martel 22708 Paulnec",07295,Fournierboeuf,Aveyron,Normandie,-39.066192,-62.703368,gip,2023-02-07,7,social|services_postaux|acces_droit|sante|energie|emploi|retraite,27432,active
66,France Services Colas,"54, rue Guyot 61212 MaceVille",32576,Devaux,Nord,Centre-Val de Loire,-14.1362,-146.874949,association,2020-09-29,3,famille|emploi|services_postaux|acces_droit|logement,8504,active
67,France Services Bergerdan,"388, chemin Thérèse Albert 53679 BenoitVille",71946,Briand-sur-Mer,Yvelines,Nouvelle-Aquitaine,-61.884899,-169.096084,association,2025-03-02,6,famille|energie|logement|acces_droit|retraite|services_postaux|sante|emploi|social,24756,active
68,France Services Denis,"68, boulevard de Bodin 01833 Mace",36273,Michaud-sur-Pichon,Manche,Occitanie,-31.7432585,35.870835,gip,2024-03-08,6,retraite|energie|emploi|logement|sante|social|famille|acces_droit|services_postaux,15947,active
69,France Services Morin,"9, rue Daniel 12180 Gros",65243,Leroux,Loire-Atlantique,Bretagne,78.825828,-178.547589,entreprise,2024-03-08,4,energie|social|famille|emploi|acces_droit|logement,6087,active
70,France Services RaymondBourg,"57, avenue de Torres 61804 Perrier",36299,Laine,Eure-et-Loir,Provence-Alpes-Côte d'Azur,78.4335305,-87.774773,association,2022-02-23,2,services_postaux|acces_droit|social|retraite|sante|energie|famille|emploi|logement,34336,active
71,France Services Goncalvesnec,"19, rue de Pereira 40250 Regnierboeuf",08536,Guillot-sur-Robert,Territoire de Belfort,Île-de-France,65.1336645,-157.77198,association,2025-02-28,8,energie|sante|emploi|logement|famille|social|services_postaux|retraite|acces_droit,23227,active
72,France Services Traore,"352, avenue Marine Lévy 97179 Sainte Thibault-la-Forêt",65331,Rousset,Lozère,Bretagne,50.219993,43.069262,collectivite,2025-04-10,6,logement|acces_droit|social|retraite|famille,15336,active
73,France Services Bigot,"7, avenue de Delaunay 16502 Dumont",67639,Sainte Brigitte-la-Forêt,Nièvre,Occitanie,20.8593335,62.524612,association,2024-05-17,7,energie|retraite|social|acces_droit|services_postaux|famille|sante,42266,active
74,France Services LaunayVille,"1, avenue de Guichard 68856 Saint Honoré-sur-Mer",27706,Lefort,Ariège,Occitanie,-13.6190175,176.337111,gip,2021-01-03,4,logement|retraite|services_postaux|sante|acces_droit|emploi|famille|energie,11856,active
75,France Services Auger-sur-Chrétien,"99, boulevard Jacquet 24517 Pereira",72735,Simon-sur-Mer,Loir-et-Cher,Bretagne,-52.709359,-139.174752,association,2023-07-04,8,logement|sante|famille|services_postaux|emploi|energie|retraite,24566,active
76,France Services Marionnec,"48, rue Charpentier 29865 Sainte LéonVille",84842,Hardy,Meuse,Corse,-89.0354165,166.735318,collectivite,2024-02-08,7,energie|famille|social|acces_droit|sante,9481,active
77,France Services Royer-les-Bains,"8, avenue Andrée Gillet 19112 Grenier-sur-Mer",70458,Sainte Guillaumedan,Corrèze,Centre-Val de Loire,84.5393335,-165.950218,gip,2024-04-29,6,emploi|sante|logement|energie|retraite|acces_droit|services_postaux|famille|social,25576,active
78,France Services Saint Charlesnec,"93, boulevard Leduc 20434 Merlenec",66146,Barbiernec,Morbihan,Auvergne-Rhône-Alpes,-15.6313505,14.774429,entreprise,2024-09-20,5,acces_droit|emploi|logement|services_postaux|famille|sante|retraite|social|energie,45997,active
79,France Services Pereira,"49, chemin Couturier 84657 Malletboeuf",13497,Parent,Charente,Île-de-France,61.220638,-77.376143,gip,2024-05-23,8,sante|acces_droit|famille|services_postaux|emploi,17779,active
80,France Services Guillot,"80, chemin de Verdier 10965 Bodin-sur-Le Roux",13294,Dos SantosBourg,Alpes-Maritimes,Pays de la Loire,82.232515,-120.928419,entreprise,2021-06-20,3,social|sante|retraite|famille|logement|acces_droit|services_postaux,46850,active
81,France Services Sainte Christophe,rue de Girard 43787 Saint Richard,10998,Arnaud,Somme,Provence-Alpes-Côte d'Azur,-84.015732,46.676955,gip,2022-09-25,8,services_postaux|emploi|social|acces_droit|retraite|logement|energie,41235,active
82,France Services Saint Bernard,avenue de Bonnet 14832 Bègue-sur-Fontaine,76904,Perrier,Hautes-Pyrénées,Bretagne,-51.4253665,154.148712,entreprise,2023-07-25,6,emploi|social|logement|services_postaux|sante|acces_droit,36792,active
83,France Services Dumont-la-Forêt,chemin Lemonnier 57949 Lenoir-la-Forêt,73944,Durand,Somme,Centre-Val de Loire,-18.0267685,42.52074,entreprise,2023-12-31,6,sante|acces_droit|social|emploi|famille|retraite|services_postaux|logement,49160,active
84,France Services DelmasBourg,"25, rue de Merle 28799 Daniel",20810,Carliernec,Isère,Normandie,12.465831,-37.227248,collectivite,2021-03-02,8,services_postaux|sante|retraite|famille|logement|social|acces_droit|energie|emploi,29104,active
85,France Services Goncalves-sur-Berger,"53, avenue Françoise Bouvier 29462 Launay-sur-Mer",39773,Bègue,Creuse,Grand Est,2.436152,163.684953,gip,2022-10-28,2,acces_droit|energie|emploi|social|logement|sante|retraite|services_postaux,48777,active
86,France Services Delorme,"13, boulevard Noël 20498 Merle-sur-Rocher",97338,Saint Benjamin,Alpes-de-Haute-Provence,Centre-Val de Loire,85.3945865,105.902311,entreprise,2020-08-13,3,retraite|sante|energie|social|services_postaux|logement|famille,39864,active
87,France Services Lemaître,"51, boulevard Boutin 09466 HardyBourg",68537,Clément,Eure-et-Loir,Centre-Val de Loire,-70.4343085,14.074694,entreprise,2024-03-14,8,services_postaux|retraite|acces_droit|energie|social,19088,active
88,France Services Sainte Martin,"55, boulevard Alexandre Maurice 82866 Renaud",90812,Prévost-les-Bains,Puy-de-Dôme,Provence-Alpes-Côte d'Azur,-72.911706,100.640614,collectivite,2024-08-04,8,social|famille|acces_droit|sante|retraite,44141,active
89,France Services Gomez,"122, boulevard Maggie Rousset 93834 Fleury",62879,PintoBourg,Pyrénées-Orientales,Auvergne-Rhône-Alpes,-13.222083,164.493051,collectivite,2021-03-12,7,emploi|retraite|social|acces_droit|logement|sante|famille,40735,active
90,France Services Joubert,rue de Michel 95909 Jolydan,45792,Rémy,Ain,Occitanie,-42.800059,-155.8967,gip,2024-06-07,6,retraite|services_postaux|famille|energie|emploi|sante|social|acces_droit|logement,26532,active
91,France Services Merle,"9, rue Hoareau 67971 Vincent",12774,Lefèvreboeuf,Ardennes,Pays de la Loire,-52.928436,-29.545478,collectivite,2021-12-04,7,logement|energie|acces_droit|services_postaux|sante,39465,active
92,France Services Baudry,"4, rue Fournier 51530 Saint Jeannedan",69592,Robert-les-Bains,Lot,Grand Est,47.1037485,89.319987,collectivite,2021-08-10,8,acces_droit|logement|retraite|social|services_postaux|energie|emploi|sante,12615,active
93,France Services Grenier,"59, rue de Becker 41179 Saint Michèle-sur-Mer",10498,Camus,Aisne,Île-de-France,-60.9935505,93.749396,association,2024-09-18,5,social|emploi|retraite|acces_droit|logement|famille,45212,active
94,France Services Lambert,"7, rue Gallet 20594 Moreno-sur-Mer",57214,Legrand,Aube,Corse,70.1103715,71.500284,gip,2023-05-18,5,energie|retraite|emploi|sante|famille|services_postaux|logement|acces_droit|social,40006,active
95,France Services Clément-la-Forêt,"99, chemin Georges Labbé 06822 Sainte Christine",95428,Vincentboeuf,Loire-Atlantique,Provence-Alpes-Côte d'Azur,19.9237915,-152.641124,entreprise,2021-08-02,2,emploi|logement|energie|retraite|sante|social|acces_droit|services_postaux,30386,active
96,France Services LedouxBourg,"51, rue de Thibault 52243 JeanVille",63180,LemonnierBourg,Haute-Marne,Île-de-France,-35.077479,-21.34248,association,2021-04-10,2,sante|services_postaux|famille|acces_droit|social|retraite|energie|logement,30354,active
97,France Services MaréchalBourg,"97, avenue de Rodriguez 28831 Sainte ArthurVille",65793,Brun-la-Forêt,Hauts-de-Seine,Auvergne-Rhône-Alpes,-39.242111,83.704808,association,2022-01-27,8,famille|logement|emploi|services_postaux|acces_droit|sante,6957,active
98,France Services Jacquot,"25, chemin de Bazin 25225 Collin-sur-Mer",21108,Saint Chantal,Essonne,Île-de-France,47.63048,-137.834124,entreprise,2024-08-20,3,services_postaux|famille|energie|sante|logement|social,30842,active
99,France Services Rossi-sur-Andre,"7, chemin Margot Guillet 54277 Georges",89351,Saint Marysedan,Loiret,Bretagne,16.721873,-68.903585,entreprise,2020-11-04,2,energie|acces_droit|sante|logement|famille|social|retraite|services_postaux|emploi,41005,active
100,France Services GrenierVille,"17, boulevard Laurent 68480 Jourdan",65140,Diallo-la-Forêt,Drôme,Nouvelle-Aquitaine,64.6314905,86.167403,association,2021-03-04,2,services_postaux|acces_droit|sante|emploi|social|logement,13852,active
101,France Services Dupuy,"5, rue de Maury 50287 Allain",92783,Thomasdan,Nièvre,Occitanie,-81.857376,-171.616148,association,2022-10-23,8,social|sante|retraite|acces_droit|services_postaux|energie,11197,active
102,France Services Bouvet,"40, rue Carre 68177 Jolydan",44470,Sainte Diane,Indre-et-Loire,Nouvelle-Aquitaine,-73.6559385,-131.336996,entreprise,2024-06-18,1,logement|acces_droit|emploi|services_postaux|retraite|social|sante|famille,10082,active
103,France Services Petitjean,"9, rue de Laurent 24118 Diallo",75974,AdamBourg,Allier,Centre-Val de Loire,-87.5271835,38.787725,collectivite,2023-10-24,1,social|famille|emploi|sante|energie|logement,36974,active
104,France Services Hernandez,"18, rue de Mercier 90626 Sainte AlphonseVille",77198,Maury-sur-Perret,Gironde,Normandie,27.989221,99.24356,entreprise,2025-05-12,6,acces_droit|social|emploi|logement|retraite|famille,18925,active
105,France Services Brun,avenue Chauvet 20222 Berthelot,40764,Becker,Charente,Île-de-France,-18.3539065,130.850718,gip,2024-11-29,2,sante|logement|energie|famille|retraite|emploi,35318,active
106,France Services GirardVille,"64, boulevard Alexandria Turpin 07830 Saint Patrick",61630,Étienne-la-Forêt,Landes,Grand Est,62.742722,-168.310911,association,2025-05-29,8,logement|retraite|famille|emploi|sante|acces_droit,49382,active
107,France Services Fabre,"72, rue Raymond 97283 Besnard-sur-Albert",58330,Dupréboeuf,Tarn-et-Garonne,Auvergne-Rhône-Alpes,4.74669,158.950304,collectivite,2021-06-29,4,sante|acces_droit|logement|social|emploi|energie|retraite,20786,active
108,France Services Pintoboeuf,"4, rue de Coste 09139 Diallo",34763,Auger,Oise,Grand Est,-18.459251,-59.882823,gip,2024-06-27,4,energie|sante|social|logement|famille|services_postaux|retraite,39462,active
109,France Services Sainte Jacquesdan,"71, boulevard Susanne Weiss 72129 Sainte Suzanne",20913,Rocheboeuf,Loir-et-Cher,Grand Est,67.660465,-47.714115,entreprise,2023-02-16,6,famille|energie|services_postaux|acces_droit|retraite|sante,45490,active
110,France Services Sainte André,"22, avenue Morin 64435 PrévostBourg",48178,Monnier,Loire,Pays de la Loire,-30.9410755,72.21371,association,2024-06-13,7,services_postaux|retraite|famille|sante|energie|logement|social|emploi|acces_droit,12049,active
111,France Services Payet,"984, avenue de Tanguy 84938 Dufour-la-Forêt",46741,Lacombe-sur-Mer,Somme,Centre-Val de Loire,-1.873687,-39.745669,collectivite,2023-08-16,8,sante|services_postaux|emploi|retraite|logement|social|energie|acces_droit|famille,25810,active
112,France Services Ruiz,"70, avenue de De Oliveira 01492 Sainte CharlotteVille",09582,BègueBourg,Loir-et-Cher,Corse,48.758866,-109.976553,collectivite,2023-01-26,7,logement|services_postaux|energie|famille|emploi|acces_droit,44206,active
113,France Services Saint Thérèse,"28, chemin Alves 94240 BerthelotBourg",27358,OlivierBourg,Haute-Vienne,Bretagne,44.963138,112.09362,association,2022-01-12,6,logement|social|sante|acces_droit|emploi|services_postaux|energie|famille|retraite,30953,active
114,France Services Ribeiro,boulevard Jacqueline Bousquet 93891 Girard,13397,Germain-les-Bains,Landes,Auvergne-Rhône-Alpes,-86.2089775,72.892337,collectivite,2025-06-11,1,sante|famille|logement|acces_droit|social|emploi|energie,29849,active
115,France Services Saint Danielle,"92, chemin de Rousseau 72140 Hubert-sur-Parent",39642,Saint Geneviève-la-Forêt,Guyane,Centre-Val de Loire,-22.859414,-18.198511,entreprise,2024-02-29,7,social|acces_droit|sante|logement|retraite|emploi|famille,14332,active
116,France Services Saint Simone,"73, avenue Lefèvre 73732 Rivièredan",80991,Martineznec,Ardennes,Auvergne-Rhône-Alpes,88.015382,-105.2425,gip,2024-07-31,3,logement|famille|retraite|emploi|energie|social,30348,active
117,France Services Olivier,rue Laurent Reynaud 33594 Ferreira-sur-Deschamps,40273,Launaydan,Seine-Saint-Denis,Auvergne-Rhône-Alpes,-69.318161,-80.86916,association,2020-11-11,2,energie|acces_droit|famille|retraite|logement|social|sante|services_postaux,7987,active
118,France Services Peltier-les-Bains,"36, chemin de Poulain 13667 Bernard-les-Bains",67894,Rossidan,Tarn,Occitanie,89.4690235,-176.319883,entreprise,2023-11-01,3,social|logement|retraite|services_postaux|famille|emploi|acces_droit,47468,active
119,France Services Sainte Anoukdan,"99, rue de Diaz 31106 Baudry-les-Bains",34999,Moreau,Eure-et-Loir,Nouvelle-Aquitaine,81.490669,-37.657138,association,2020-09-05,7,acces_droit|sante|services_postaux|emploi|retraite|logement|social|energie|famille,32181,active
120,France Services Petitnec,"29, avenue de Wagner 15264 Arnaud",54269,Brunet,Loir-et-Cher,Centre-Val de Loire,54.6866865,5.160294,entreprise,2024-07-08,4,sante|famille|acces_droit|energie|services_postaux|social|retraite,47469,active
121,France Services Reynaud,"96, avenue de Gomez 19182 MalletVille",22994,Camusboeuf,Manche,Occitanie,-85.6561195,87.750048,entreprise,2024-11-27,7,energie|famille|services_postaux|logement|social|sante,29065,active
122,France Services Sainte AndréVille,"85, rue Duhamel 19444 Sainte Louis",52987,Ribeiro,Indre,Centre-Val de Loire,7.5518915,112.504518,collectivite,2024-02-29,7,acces_droit|sante|retraite|energie|emploi|famille|services_postaux|logement|social,19504,active
123,France Services DeschampsBourg,"127, rue Maillot 95325 Sainte Thomas",30955,Besnard,Haute-Garonne,Pays de la Loire,-16.812022,153.072032,gip,2022-03-01,4,sante|retraite|social|famille|logement,35944,active
124,France Services Briand-sur-Maréchal,"94, rue Arnaude Roussel 90256 Merleboeuf",97128,Sainte Roland,Hérault,Auvergne-Rhône-Alpes,33.0129325,-35.004338,gip,2021-07-12,5,sante|famille|social|services_postaux|retraite|energie|logement,15531,active
125,France Services Godard-sur-Besson,chemin de Masse 56514 Saint Alphonse,19343,Sainte BrigitteVille,Dordogne,Nouvelle-Aquitaine,21.508592,-65.528762,association,2021-03-08,3,social|acces_droit|sante|retraite|famille|logement|energie,24291,active
126,France Services Saint Maryse-la-Forêt,"16, avenue Chevalier 87357 Étienneboeuf",16126,Olivier,Lot-et-Garonne,Auvergne-Rhône-Alpes,57.2010555,142.373378,gip,2021-01-08,8,services_postaux|social|famille|retraite|logement|emploi|sante|energie,28175,active
127,France Services Peltier,"68, chemin Dominique Langlois 62305 Saint Camille",52718,Meyer-sur-Gosselin,Marne,Grand Est,51.5147405,12.574535,association,2025-02-09,4,famille|energie|acces_droit|social|services_postaux|emploi|sante,40248,active
128,France Services Legendre-la-Forêt,"489, rue Gallet 72616 Cousin",29589,Barre-sur-Carlier,Corrèze,Bretagne,26.973055,-21.028156,association,2020-12-23,6,social|acces_droit|emploi|logement|sante|services_postaux,8036,active
129,France Services Sainte Victoire,"25, rue de Garnier 93500 BouvierVille",03681,Moreau-la-Forêt,Loir-et-Cher,Hauts-de-France,76.091447,82.133448,entreprise,2022-03-08,8,sante|services_postaux|famille|emploi|social|retraite|acces_droit|logement,11343,active
130,France Services Martineau,"79, rue de Jean 53780 Jacques-sur-Hubert",90741,ValetteBourg,Yonne,Île-de-France,-23.7436505,41.246244,collectivite,2025-05-16,6,acces_droit|emploi|social|retraite|energie|sante|services_postaux|famille|logement,17458,active
131,France Services Hernandez,"69, boulevard de Bertin 85741 TanguyBourg",83246,Carre-sur-Coste,Loire,Auvergne-Rhône-Alpes,-29.760317,0.512658,entreprise,2021-09-04,6,energie|sante|famille|emploi|retraite|social|services_postaux|acces_droit,19881,active
132,France Services Seguin,"58, rue Emmanuel Hebert 34304 Barthelemy",84700,Barbe,Côtes-d'Armor,Grand Est,81.8387475,100.313907,entreprise,2022-04-20,4,famille|services_postaux|energie|acces_droit|retraite|logement,12245,active
133,France Services Fischer,"14, chemin Lagarde 10268 Weissboeuf",21629,MichelBourg,Aveyron,Bretagne,-80.629314,-47.247272,entreprise,2022-08-04,4,energie|social|emploi|services_postaux|famille|logement|acces_droit,15154,active
134,France Services Sainte Sébastien,"88, rue de Rolland 20467 Lebrun-sur-Diaz",95167,Chevallier,Vaucluse,Provence-Alpes-Côte d'Azur,-55.399475,-34.098614,association,2020-12-08,6,acces_droit|retraite|famille|social|logement,28778,active
135,France Services Leblanc-sur-Vaillant,"62, avenue Anastasie Leconte 81887 Richard",50269,Pons,Marne,Auvergne-Rhône-Alpes,42.680951,-172.527177,collectivite,2022-10-06,7,acces_droit|sante|emploi|social|famille|services_postaux|logement|energie|retraite,29527,active
136,France Services Gérard,"7, boulevard Techer 97493 Allain",75629,Lucasnec,Jura,Grand Est,16.156752,136.834804,entreprise,2024-07-29,3,social|famille|energie|acces_droit|emploi,12581,active
137,France Services Fischer,"9, rue de Cordier 20484 Parent-sur-Carlier",06263,Perez,Haute-Corse,Corse,-2.976114,174.157981,gip,2024-07-20,8,acces_droit|energie|retraite|famille|emploi|social|sante|services_postaux|logement,42748,active
138,France Services Bruneau,"456, rue de Rémy 47945 Mary-sur-Hamel",29604,Prévost,Var,Bretagne,-66.478571,59.936514,association,2024-11-01,2,famille|social|services_postaux|energie|emploi|logement|sante|acces_droit|retraite,45305,active
139,France Services Carlier,"81, avenue Emmanuelle Boucher 20110 Grondin-sur-Petitjean",90349,Guyot,Lot,Normandie,41.5426275,-105.543322,gip,2023-03-05,3,logement|emploi|energie|famille|services_postaux,46570,active
140,France Services Aubry,"26, rue Auguste Traore 70113 Delaunayboeuf",03153,Delaunay,Yvelines,Île-de-France,71.0472205,163.012348,gip,2022-12-11,4,social|sante|logement|energie|acces_droit|services_postaux|retraite|emploi|famille,47874,active
141,France Services Menard,"35, avenue de Guyot 72896 Chartier",68894,Baudry,Orne,Pays de la Loire,-0.4789095,-130.448942,gip,2022-06-29,6,sante|retraite|services_postaux|social|emploi|famille|energie|logement|acces_droit,43756,active
142,France Services Pinto,"1, avenue de Vincent 15381 Gaudinboeuf",24358,Jacquesboeuf,Doubs,Occitanie,-5.4068125,-70.034856,entreprise,2023-08-08,4,social|retraite|energie|acces_droit|sante,16328,active
143,France Services Sainte Théodore,"464, chemin de Fischer 47365 Laroche",93815,Bonnet-sur-Mer,Morbihan,Bretagne,-71.5022645,-97.804895,entreprise,2022-09-20,7,acces_droit|famille|social|energie|logement|sante|services_postaux,27855,active
144,France Services Bertrand,"50, rue Marcelle Letellier 19575 Hamon",31611,Guillet,Hauts-de-Seine,Grand Est,19.844285,-65.834123,gip,2022-08-04,3,acces_droit|social|famille|emploi|services_postaux|energie|sante|retraite,24956,active
145,France Services Moreno,"11, boulevard Ferreira 94860 Bourgeois-sur-Blondel",11516,Sainte Thibault,Vendée,Bretagne,-29.773764,97.098967,association,2024-04-30,5,energie|sante|retraite|emploi|acces_droit,10612,active
146,France Services Guyon,"736, chemin Marcelle Boyer 01194 Saint Augusteboeuf",38875,Fabre,Ille-et-Vilaine,Normandie,-66.809178,95.430112,collectivite,2020-08-18,1,famille|services_postaux|emploi|acces_droit|retraite,7039,active
147,France Services Marty,"69, rue Schneider 40843 Duhamel",17744,Aubert-sur-Morin,Cher,Corse,53.1216435,-21.010793,collectivite,2021-07-20,1,acces_droit|famille|logement|social|energie|sante|retraite|emploi,49923,active
148,France Services Torres,"681, boulevard Toussaint 20393 Cordier",14365,Simonboeuf,Seine-Saint-Denis,Hauts-de-France,6.650148,92.469105,collectivite,2025-03-18,3,sante|emploi|social|services_postaux|logement|famille|energie,41069,active
149,France Services Rolland-sur-Bernier,"20, boulevard de Étienne 08571 Julien",18627,Boulay,Haute-Corse,Pays de la Loire,-52.279961,-83.716099,association,2021-02-02,3,retraite|emploi|logement|sante|famille|acces_droit,23668,active
150,France Services Sainte Carolineboeuf,"7, rue de Deschamps 44931 Gomes",34247,Maury,Gironde,Île-de-France,82.528974,24.106473,gip,2023-02-06,8,acces_droit|sante|emploi|social|retraite,41577,active
151,France Services Saint Élisabeth-sur-Mer,avenue de Barbe 76555 Maillet-la-Forêt,30926,FaureVille,Maine-et-Loire,Pays de la Loire,7.605187,-105.63743,association,2024-09-15,1,social|emploi|sante|retraite|famille|acces_droit|services_postaux|logement|energie,39303,active
152,France Services Legros,"34, avenue Stéphanie Delattre 26967 Loiseau-sur-Moreau",07365,Guérin-sur-Mer,Ain,Pays de la Loire,2.203221,101.047449,entreprise,2023-05-22,2,famille|sante|retraite|logement|acces_droit|energie|services_postaux|social,19572,active
153,France Services Bodinboeuf,"4, avenue Philippe Leclercq 54238 Leroux",64753,Sainte Jacqueline-sur-Mer,Hauts-de-Seine,Normandie,-20.919897,5.88643,collectivite,2023-05-30,7,logement|retraite|services_postaux|famille|energie|sante|acces_droit|social|emploi,12417,active
154,France Services Saint Grégoire,avenue Jérôme Lévy 97430 Deschamps,84889,Faivre-sur-Gilles,Lot,Normandie,-76.146522,-22.47177,collectivite,2023-06-28,2,services_postaux|famille|logement|social|emploi|sante|retraite|energie|acces_droit,18766,active
155,France Services GiraudBourg,"7, rue Camille Techer 51975 Bodindan",74631,Clerc-les-Bains,Aube,Hauts-de-France,-69.593721,7.084964,entreprise,2024-10-07,1,acces_droit|social|emploi|services_postaux|energie|logement|retraite|famille,34730,active
156,France Services Roche,"64, boulevard Caroline Munoz 44371 Gautierdan",50208,Martinez,Manche,Provence-Alpes-Côte d'Azur,-45.706493,-73.321927,collectivite,2022-08-24,7,social|services_postaux|sante|energie|emploi|retraite,14360,active
157,France Services Sainte Zoé,"31, rue Lelièvre 11774 Sainte SylvieBourg",07473,Brun,Seine-Saint-Denis,Hauts-de-France,9.669907,-112.359834,entreprise,2024-01-26,6,logement|retraite|emploi|services_postaux|energie|acces_droit|social,20170,active
158,France Services Henry-sur-Mer,"468, chemin Sylvie Lévêque 64146 Boyer-les-Bains",23762,Roche,Landes,Pays de la Loire,57.394742,98.727993,collectivite,2025-05-01,3,logement|acces_droit|sante|energie|famille|social|emploi|retraite|services_postaux,32484,active
159,France Services RamosVille,"340, chemin de Carre 43793 BonneauVille",25929,Fournierboeuf,Seine-et-Marne,Grand Est,72.9123005,98.372102,entreprise,2024-11-01,5,social|acces_droit|services_postaux|emploi|retraite|energie,43467,active
160,France Services Letellier,"8, rue Noémi Paul 02626 Rousseauboeuf",25963,Saint Marcel-la-Forêt,Calvados,Nouvelle-Aquitaine,-41.9963065,-52.613936,collectivite,2021-08-14,8,logement|social|retraite|sante|emploi|services_postaux|famille|energie,7760,active
161,France Services Collet-sur-Diallo,"13, rue Martine Langlois 61653 Bodin",87451,LucasBourg,Pyrénées-Orientales,Île-de-France,-38.9267405,-178.103231,collectivite,2022-01-08,7,acces_droit|famille|logement|social|energie|sante|emploi|services_postaux,29972,active
162,France Services Meyer-les-Bains,"88, rue de Delaunay 86739 Rodriguezboeuf",89758,Reynaud,Morbihan,Corse,-81.7006145,-3.9688,collectivite,2022-02-03,4,energie|services_postaux|sante|acces_droit|emploi|retraite|social|famille|logement,34301,active
163,France Services Martins,"92, rue Guyon 30762 Delmas",92977,Godard,Gironde,Corse,-5.2136035,170.402444,association,2021-04-18,3,famille|acces_droit|retraite|services_postaux|logement|energie|sante|social,27082,active
164,France Services Chartier,boulevard de Gautier 61108 Dumont-sur-Raymond,51702,GuyotBourg,Charente,Grand Est,67.2067285,38.553919,entreprise,2025-04-06,4,energie|emploi|sante|famille|acces_droit,8124,active
165,France Services Saint Jacqueline,rue Luc Perret 76828 Ruiz,48722,Munoz-sur-Boutin,Dordogne,Hauts-de-France,-36.528529,87.534203,association,2023-03-02,5,retraite|acces_droit|famille|logement|emploi|social,34899,active
166,France Services Caron,"73, rue Carlier 06720 Saint Simone-les-Bains",11948,Saint Frédéric,Aude,Nouvelle-Aquitaine,-78.32118,-123.608217,association,2025-05-09,7,services_postaux|sante|acces_droit|famille|retraite|emploi,18807,active
167,France Services Beckernec,"57, boulevard Henriette Thibault 12273 Wagner-sur-Vaillant",97394,GoncalvesBourg,Essonne,Bretagne,1.12223,47.955826,entreprise,2025-05-31,3,famille|social|acces_droit|services_postaux|retraite|logement|sante,6258,active
168,France Services Albert,"3, avenue Théodore Fouquet 89457 Martinez",45903,Saint Lucy-les-Bains,Charente-Maritime,Auvergne-Rhône-Alpes,-15.022921,-173.991727,association,2022-01-25,2,famille|services_postaux|energie|emploi|sante|logement|acces_droit|retraite|social,27756,active
169,France Services Saint Bernadette-sur-Mer,"941, boulevard Alphonse Perrier 78866 Maurice",89463,Sainte Raymond-les-Bains,Loire,Provence-Alpes-Côte d'Azur,60.667085,45.768062,association,2023-04-14,3,famille|social|services_postaux|logement|energie|retraite|sante,35880,active
170,France Services Grenier,"477, rue Sébastien Da Silva 07872 Le GoffVille",72429,Tanguy,Oise,Corse,-83.380319,-137.209568,collectivite,2021-11-24,8,emploi|retraite|services_postaux|energie|social|famille|logement,20861,active
171,France Services Rousset-sur-Gay,"42, rue Arnaude Delorme 97196 Gimenez",58334,Saint Agathe,Meurthe-et-Moselle,Grand Est,-57.062204,30.659347,gip,2021-02-04,4,famille|energie|acces_droit|services_postaux|social|emploi,19408,active
172,France Services Saint Jules,avenue Coulon 05132 Voisin,66481,Colas,Vienne,Hauts-de-France,-53.3775145,-121.59757,collectivite,2020-10-27,3,retraite|energie|famille|logement|sante|acces_droit|social|emploi,6547,active
173,France Services Lemaire,"96, rue Lucy Costa 45936 Saint Emmanuel",78718,Diallo,Pas-de-Calais,Normandie,-51.802082,-66.786381,entreprise,2021-05-23,7,services_postaux|acces_droit|social|emploi|logement|famille|energie|retraite,48166,active
174,France Services GauthierBourg,"74, rue Paul Hardy 24267 Martel-sur-Pruvost",25941,Barre-sur-Robin,Haute-Saône,Pays de la Loire,6.6459285,-47.698351,association,2021-02-08,7,social|retraite|energie|services_postaux|acces_droit|sante|logement|famille,49975,active
175,France Services Pascal,boulevard de Joseph 86184 Saint Maggie,72856,Sainte Laurentdan,Lot,Hauts-de-France,-44.754322,97.987722,association,2021-12-14,4,logement|famille|retraite|emploi|services_postaux|acces_droit|energie,18002,active
176,France Services Fabre,"33, chemin Gabriel Collet 46148 JacquotVille",35319,Sainte Françoise,Ariège,Corse,15.737693,-148.040604,collectivite,2025-02-22,7,social|services_postaux|acces_droit|emploi|retraite|logement|famille|sante|energie,6727,active
177,France Services Vasseur,"31, rue de Besson 83490 Dumont-sur-Lefort",54209,Boyer-sur-Valentin,Côte-d'Or,Normandie,89.413547,51.795971,gip,2023-11-13,4,sante|retraite|services_postaux|emploi|social|acces_droit|energie,40401,active
178,France Services Cohenboeuf,"50, rue de Hervé 25746 Ramos",75716,Labbé,Sarthe,Grand Est,-13.263901,139.107457,gip,2022-04-05,8,acces_droit|famille|services_postaux|sante|social|energie|emploi,17709,active
179,France Services Lenoir,"43, rue de Vincent 67283 Royer-les-Bains",88984,Wagner,Vienne,Île-de-France,-28.968868,-100.87402,gip,2022-11-30,1,retraite|energie|sante|acces_droit|social,30344,active
180,France Services Munoz-sur-Hamel,avenue Maurice 27773 Saint Renée,48773,AllardVille,Vienne,Bretagne,79.545119,126.316724,gip,2022-03-23,6,retraite|sante|social|energie|acces_droit|emploi|famille,39805,active
181,France Services Sainte Emmanuelle-la-Forêt,"289, avenue Cordier 18204 Robinboeuf",84787,Techer,Vosges,Hauts-de-France,-84.944049,133.684148,gip,2023-11-20,5,services_postaux|retraite|acces_droit|logement|social|famille|energie|sante|emploi,23467,active
182,France Services Sainte Marcelle-la-Forêt,chemin de Lemoine 20843 Vidal,49797,Berger,Territoire de Belfort,Occitanie,12.503788,-111.642884,entreprise,2021-12-31,7,services_postaux|energie|retraite|sante|famille|emploi|logement|acces_droit,40608,active
183,France Services Rocherdan,chemin de Menard 57783 Girard-sur-Mer,44626,Briand-sur-Rocher,Tarn-et-Garonne,Île-de-France,-46.579601,-177.966016,collectivite,2025-01-11,8,sante|services_postaux|retraite|emploi|energie|social,22930,active
184,France Services Lejeune,"41, rue de Goncalves 29926 Gauthier",30130,Lemaire-la-Forêt,Var,Grand Est,15.2560295,-24.844703,gip,2023-08-08,7,emploi|sante|acces_droit|services_postaux|retraite|famille,42240,active
185,France Services Antoine,rue Verdier 39731 Sainte Tristan,95810,Da Silva,Creuse,Normandie,-14.255824,70.209479,entreprise,2025-05-26,7,social|sante|acces_droit|services_postaux|emploi|energie|retraite,15089,active
186,France Services Ollivier,rue de Fabre 40629 Boulanger,92925,Parent,Seine-et-Marne,Île-de-France,39.342804,171.616664,gip,2023-06-02,3,famille|energie|acces_droit|social|sante|logement|retraite|emploi,9534,active
187,France Services Collet-sur-Blanc,"23, rue Mathilde Thierry 31936 ValentinVille",74292,Gaudin,Vendée,Pays de la Loire,-42.216608,-120.850758,collectivite,2024-05-29,2,social|sante|logement|famille|retraite,46726,active
188,France Services Saint Daniel,"82, rue de Duval 06249 Saint Claude",48234,Rolland,Creuse,Occitanie,-50.8682095,-44.316772,entreprise,2023-08-05,4,social|logement|retraite|energie|famille|acces_droit|services_postaux|emploi,31232,active
189,France Services Sainte Margaret,"82, avenue Louise Renard 81694 Saint Renée",60397,Humbert,Pyrénées-Atlantiques,Pays de la Loire,62.463563,-36.372983,gip,2022-04-03,5,services_postaux|social|emploi|acces_droit|energie,43184,active
190,France Services Leconte-sur-Fouquet,"20, boulevard de Boulanger 39452 Buisson-les-Bains",39309,Mendès-sur-Barre,Maine-et-Loire,Occitanie,68.7081225,174.576392,collectivite,2020-09-05,5,famille|logement|emploi|acces_droit|services_postaux,22807,active
191,France Services Sainte Mathilde,chemin Tristan Leclercq 10430 Morel-sur-Moreau,45628,Marie,Haute-Savoie,Centre-Val de Loire,51.166929,86.004123,association,2022-03-10,4,retraite|social|logement|services_postaux|sante,19967,active
192,France Services Rioudan,rue de Fleury 93159 Rey-sur-Brunet,59957,Verdier-la-Forêt,Alpes-de-Haute-Provence,Normandie,-76.8669335,9.748685,collectivite,2021-03-15,2,services_postaux|retraite|famille|acces_droit|emploi|sante|energie|logement,16641,active
193,France Services FleuryBourg,"145, boulevard Leclerc 31443 Sainte NathalieBourg",58446,Lelièvrenec,Loiret,Occitanie,-48.7205475,-177.934125,collectivite,2023-09-14,2,logement|famille|retraite|emploi|services_postaux|social|sante,23442,active
194,France Services Boyer,"53, avenue Guillet 33285 Saint Antoinette",30310,Laporte,Savoie,Normandie,-31.512895,46.640874,gip,2022-09-07,6,energie|social|services_postaux|famille|emploi|acces_droit,36392,active
195,France Services Poiriernec,chemin Thibaut Michaud 18584 Prévost,94910,Delmas,Ardèche,Hauts-de-France,56.0846535,126.232215,gip,2022-08-04,3,acces_droit|services_postaux|logement|sante|famille|emploi|energie|social,21078,active
196,France Services Faure,"60, boulevard de Fernandez 42714 Bruneaunec",62136,Laurent,Oise,Grand Est,-65.78321,-73.001559,association,2023-03-18,3,services_postaux|acces_droit|retraite|sante|social|logement|emploi|famille|energie,34382,active
197,France Services HoareauVille,"94, avenue de Mercier 51929 Briand-les-Bains",14118,Saint Virginie,Haute-Marne,Pays de la Loire,-7.1400015,-97.980524,association,2024-08-13,6,sante|logement|acces_droit|retraite|emploi,39502,active
198,France Services Laporte,"528, rue Robert Lopez 07139 Rivière-sur-Mer",30833,HamonBourg,Vaucluse,Bretagne,61.3779545,127.443263,entreprise,2022-10-02,5,energie|retraite|famille|acces_droit|services_postaux|social|logement|sante|emploi,30824,active
199,France Services Coste-sur-Berthelot,rue Fournier 50147 Saint Jeanne,19835,Lacroix-sur-Moulin,Corse-du-Sud,Auvergne-Rhône-Alpes,-30.002247,-144.313004,association,2022-09-06,5,energie|retraite|social|acces_droit|emploi|services_postaux|sante,12546,active
200,France Services Cohen,"68, chemin de Boulanger 39679 Gros",72165,Saint Émile,Haute-Corse,Hauts-de-France,-3.71624,168.335911,collectivite,2024-08-07,5,emploi|logement|social|energie|sante|retraite|acces_droit|services_postaux|famille,46089,active
201,France Services Saint Pauline-les-Bains,"8, rue Martin Delannoy 31859 Ruiz",70781,Saint René,Seine-Maritime,Provence-Alpes-Côte d'Azur,44.0817575,138.560672,gip,2020-10-05,3,services_postaux|famille|energie|retraite|emploi,36134,active
202,France Services Lemaire,"84, chemin Rodriguez 60582 Vasseurboeuf",36405,Laurent,Nord,Normandie,80.681808,67.807602,collectivite,2024-04-12,8,energie|famille|logement|acces_droit|social|emploi|retraite|services_postaux|sante,11144,active
203,France Services Sainte MargotBourg,rue Goncalves 92835 Samson-sur-Mer,62927,Lombard-sur-Mer,Isère,Auvergne-Rhône-Alpes,-69.7887995,-110.942858,collectivite,2021-04-26,2,sante|logement|retraite|emploi|famille,27480,active
204,France Services GalletVille,"362, rue Rey 26368 Bonneau",79914,Sainte Diane,Nièvre,Bretagne,-60.429965,-139.572694,association,2023-03-21,2,sante|retraite|acces_droit|services_postaux|energie|social|famille,49925,active
205,France Services Saint Lucy,chemin Adèle Prévost 79766 Sainte Antoinette,97340,Marie,Sarthe,Hauts-de-France,-42.957299,167.450369,entreprise,2025-03-09,6,social|retraite|emploi|logement|energie|sante|acces_droit|services_postaux|famille,32730,active
206,France Services Salmon,rue de Moreno 41892 Saint Aimée,32755,Chartier,Vendée,Provence-Alpes-Côte d'Azur,45.2225585,93.39475,gip,2023-03-05,7,services_postaux|energie|sante|social|acces_droit|logement|famille,19942,active
207,France Services Saint Édith,boulevard Regnier 83236 Saint ÉricBourg,07639,Bourdon,La Réunion,Nouvelle-Aquitaine,5.1200045,18.259168,collectivite,2025-05-06,5,services_postaux|retraite|logement|energie|emploi|sante|social|acces_droit,34085,active
208,France Services Sainte Louise,"79, rue Schmitt 35581 Sainte Pierre-la-Forêt",34775,Pierre,Aveyron,Nouvelle-Aquitaine,71.9590005,-19.542029,association,2021-05-07,3,services_postaux|acces_droit|emploi|logement|sante|energie|retraite|social,14605,active
209,France Services Fournier,"7, rue Édouard Clerc 68874 Bonneau",07833,Nguyen-sur-Blanchet,Nièvre,Pays de la Loire,60.537616,97.061909,collectivite,2022-09-19,5,retraite|emploi|acces_droit|logement|sante|services_postaux,13503,active
210,France Services Maury,"464, avenue Laetitia Faure 54647 Delahayeboeuf",68261,Bazin,Bouches-du-Rhône,Centre-Val de Loire,2.2295805,-3.095669,association,2022-07-04,6,emploi|sante|energie|retraite|social|famille|services_postaux|logement,31785,active
211,France Services Saint Christelle,rue Gonzalez 72904 Valléedan,19318,Saint Margaud,Pas-de-Calais,Pays de la Loire,63.9575995,85.019835,association,2021-08-08,7,logement|sante|emploi|acces_droit|retraite,33339,active
212,France Services Bouvet-sur-Baron,"60, rue Victor Baron 97371 Schneider-sur-Leclerc",13413,Hamon,Oise,Occitanie,43.109827,76.408171,gip,2020-08-12,1,services_postaux|emploi|famille|sante|logement,32991,active
213,France Services Carlier,"87, rue Denis 08957 Benoit",68425,Mendès,Guyane,Normandie,14.3246665,-145.057181,collectivite,2025-06-24,2,services_postaux|social|retraite|energie|logement|famille,16952,active
214,France Services Robin-la-Forêt,"5, chemin de Brunel 97215 Lopez",85976,Sainte DenisVille,Oise,Nouvelle-Aquitaine,-11.3393745,-87.598826,association,2024-01-15,2,famille|retraite|services_postaux|energie|sante|social|acces_droit,12693,active
215,France Services Riou,"32, boulevard de Imbert 08305 MerleVille",38362,Sainte Adélaïde,Maine-et-Loire,Occitanie,43.8218935,71.004088,entreprise,2023-03-08,2,famille|social|acces_droit|services_postaux|emploi|retraite|logement,27169,active
216,France Services GermainBourg,avenue de Pascal 74671 Bazin,72902,Saint Jérôme,Indre-et-Loire,Provence-Alpes-Côte d'Azur,-6.0424605,-140.422538,entreprise,2021-08-16,2,acces_droit|energie|services_postaux|emploi|logement|sante|retraite|social,46979,active
217,France Services Alvesdan,"458, avenue Christophe Morin 02878 Masson",97410,CollinBourg,Orne,Nouvelle-Aquitaine,59.361732,-28.577214,entreprise,2022-08-24,8,social|services_postaux|retraite|sante|acces_droit|famille|energie,38588,active
218,France Services Saint Marcboeuf,rue Mathieu 87781 BlotVille,89631,Lesage,Lozère,Nouvelle-Aquitaine,84.476851,140.071077,association,2024-07-07,1,social|famille|services_postaux|logement|energie|sante|acces_droit|emploi|retraite,25990,active
219,France Services Saint XavierBourg,"4, rue de Reynaud 21967 Valette",03694,Laporte-la-Forêt,Haute-Savoie,Provence-Alpes-Côte d'Azur,61.434206,-161.660157,association,2020-10-31,5,emploi|services_postaux|retraite|acces_droit|social|sante|famille,20409,active
220,France Services Charpentierboeuf,"24, avenue Lenoir 82978 Saint Paul",52422,Sainte Stéphane-la-Forêt,Saône-et-Loire,Corse,-56.5618715,-24.355891,entreprise,2023-06-15,2,famille|retraite|services_postaux|emploi|logement|social,29329,active
221,France Services NoëlVille,"723, rue de Couturier 08458 Martins",97352,LesageBourg,Vosges,Hauts-de-France,7.5615535,140.915081,gip,2021-07-10,2,acces_droit|emploi|services_postaux|famille|logement|energie|sante|retraite|social,7568,active
222,France Services Rossi,"4, avenue Faure 31388 Sainte Émiledan",90476,Rossi,Sarthe,Pays de la Loire,-53.1044935,91.642841,entreprise,2022-01-20,6,logement|social|energie|services_postaux|famille|acces_droit|sante|retraite,5857,active
223,France Services Renaud-sur-Peltier,"172, boulevard Élise Schmitt 28469 Torres-la-Forêt",97432,Saint Michèle,Lot,Provence-Alpes-Côte d'Azur,-38.8918975,56.313362,collectivite,2020-08-24,6,services_postaux|social|acces_droit|energie|sante,8108,active
224,France Services LemoineBourg,chemin de Dumont 87886 Bodin-sur-Menard,66576,Boucher-sur-Marchal,Loire-Atlantique,Grand Est,12.008203,-148.1073,collectivite,2021-12-27,1,energie|social|famille|retraite|services_postaux|acces_droit|sante|emploi,18388,active
225,France Services Lacombe,"9, chemin Dupuy 54484 Merlenec",10173,Daniel,La Réunion,Provence-Alpes-Côte d'Azur,2.5958935,26.695135,collectivite,2020-07-17,2,retraite|social|sante|services_postaux|energie,5423,active
226,France Services Lopez,"589, rue Franck Dufour 05580 Hernandez",21357,Chrétien,Ardèche,Île-de-France,-27.713301,-14.142522,gip,2020-10-11,8,retraite|services_postaux|sante|social|famille,22021,active
227,France Services Saint Véronique,"89, rue Sabine Guillaume 97487 Saint Richard",85595,Sainte MartinVille,Mayenne,Île-de-France,45.064699,-46.788698,entreprise,2022-07-05,2,services_postaux|sante|social|retraite|emploi|famille|acces_droit,31124,active
228,France Services Saint Zacharie,"7, chemin Victor Maillet 28760 Saint Paulette",95261,Bailly-sur-Mer,Tarn,Centre-Val de Loire,65.245633,-145.091832,association,2023-08-24,1,emploi|energie|acces_droit|social|services_postaux|retraite|logement|sante|famille,45315,active
229,France Services Bazin-les-Bains,"94, boulevard Blin 82351 Boulay",47110,Sainte Nathalie,Aisne,Grand Est,6.516339,152.45055,association,2023-08-16,6,services_postaux|acces_droit|energie|social|sante|logement,40515,active
230,France Services Lemoine,"99, avenue de Benoit 77149 Lamy",02875,Saint Alfred-les-Bains,Côtes-d'Armor,Corse,-44.082949,-159.830591,entreprise,2023-08-01,5,acces_droit|emploi|services_postaux|energie|retraite|social|famille,20747,active
231,France Services Pichon,"43, avenue Gauthier 97620 Renaud",97615,GuichardVille,Puy-de-Dôme,Hauts-de-France,-62.510171,165.944694,entreprise,2022-10-31,3,services_postaux|logement|energie|retraite|emploi,18213,active
232,France Services Joly,rue Lorraine Gimenez 80547 Antoinenec,73595,Thomas,Seine-Maritime,Occitanie,-47.7248115,1.093621,entreprise,2023-01-28,6,energie|famille|sante|acces_droit|services_postaux|emploi|logement|retraite|social,27410,active
233,France Services Hubert,"48, rue Delorme 31281 Saint Valérie",47468,Breton,Marne,Occitanie,-22.2722875,-121.726814,collectivite,2022-12-18,8,emploi|logement|sante|famille|services_postaux|retraite|energie|social,11541,active
234,France Services Boutinboeuf,"18, rue Tristan Clément 77710 Voisin",36381,Lecomte,Orne,Provence-Alpes-Côte d'Azur,-72.780735,16.648137,entreprise,2020-09-07,6,acces_droit|emploi|logement|sante|energie|social,17398,active
235,France Services Maréchal,"65, rue de Cordier 23433 Olivier",37490,Chartiernec,Martinique,Normandie,1.9856445,42.622146,association,2021-11-06,2,acces_droit|energie|logement|social|emploi|retraite|sante|famille,35645,active
236,France Services Hubertnec,"39, avenue de Allain 59146 Le Roux",67108,Delattre-sur-Ferrand,Somme,Bretagne,57.380342,77.295056,association,2024-08-27,1,services_postaux|energie|logement|famille|social|retraite|sante|emploi,18933,active
237,France Services Camus,"3, rue Margaret Mendès 11507 Le GoffVille",94226,Salmon,Doubs,Provence-Alpes-Côte d'Azur,35.2931375,-131.451222,entreprise,2022-04-19,4,social|retraite|emploi|energie|acces_droit|sante,14570,active
238,France Services Vasseur,"93, rue Maillet 57688 HernandezVille",35703,Saint David,Dordogne,Hauts-de-France,48.1116085,-156.91781,association,2021-02-01,6,logement|social|services_postaux|retraite|sante|energie|acces_droit|emploi|famille,18060,active
239,France Services Dupont-la-Forêt,"5, rue Emmanuel Lévêque 84893 Lefebvre",28504,Leblanc,Indre-et-Loire,Bretagne,15.5951435,135.638706,entreprise,2021-06-11,7,famille|social|energie|logement|acces_droit,47958,active
240,France Services Le Roux,"26, rue de Bouvier 23916 SalmonVille",23460,Colin,Nièvre,Grand Est,39.28136,-177.666703,gip,2024-01-08,4,energie|emploi|acces_droit|services_postaux|retraite|famille|logement|social,25978,active
241,France Services Weber,"12, rue Thierry Moulin 65629 Petitjean-sur-Gautier",30749,Roux-sur-Germain,Haute-Corse,Hauts-de-France,43.885472,156.103775,collectivite,2022-02-07,2,social|acces_droit|logement|emploi|famille|retraite,33369,active
242,France Services Jean-les-Bains,"32, avenue de Allain 88264 Adam-les-Bains",20396,Rossi-sur-Delmas,Loiret,Auvergne-Rhône-Alpes,24.3805485,-53.522723,collectivite,2022-12-20,2,retraite|logement|energie|acces_droit|services_postaux,24711,active
243,France Services Richard-sur-Mer,"42, avenue de Mercier 83598 Arnaud-sur-Dumont",82222,Lucas,Vaucluse,Corse,49.837172,-115.196184,collectivite,2022-06-03,7,sante|logement|social|services_postaux|retraite|famille|energie|acces_droit,5754,active
244,France Services Leroux,"71, boulevard de Hoareau 58608 Gaudin-sur-Ollivier",09923,Saint Suzanne-sur-Mer,Somme,Normandie,56.2019765,42.756844,association,2024-03-03,6,emploi|sante|energie|services_postaux|retraite|logement,11580,active
245,France Services Lagarde,"55, rue Costa 16123 Gomez-sur-Dumont",42689,MauryBourg,Gard,Nouvelle-Aquitaine,73.864087,-114.598247,gip,2023-10-27,6,social|sante|energie|famille|retraite|services_postaux,32497,active
246,France Services Saint Martin-les-Bains,"97, boulevard de Jourdan 97696 Huetdan",83763,Sainte Éliseboeuf,Aveyron,Nouvelle-Aquitaine,-63.5132755,13.598363,collectivite,2021-05-19,8,retraite|energie|famille|services_postaux|acces_droit|logement|social,24095,active
247,France Services David-sur-Mer,rue Moreno 12494 Laroche,16154,PoirierBourg,Eure-et-Loir,Centre-Val de Loire,39.0502565,138.704591,association,2021-09-05,3,emploi|energie|logement|social|retraite,38963,active
248,France Services Marin-la-Forêt,"75, avenue de Gros 40771 Aubert",65618,Saint GabrielleBourg,Nord,Corse,41.355504,-88.37933,gip,2020-08-07,8,energie|retraite|services_postaux|emploi|famille|sante|logement|acces_droit|social,15554,active
249,France Services Saint Corinnenec,"3, rue Breton 74386 Saint Camille",29249,Saint Margaux-la-Forêt,Meurthe-et-Moselle,Occitanie,45.865398,-98.260139,association,2022-01-27,2,services_postaux|retraite|famille|sante|logement|social|energie|emploi,39180,active
250,France Services Colas,"66, rue de Faivre 68553 Sainte Grégoire-sur-Mer",30779,Laine,Morbihan,Occitanie,31.154289,155.606302,gip,2021-05-28,1,famille|energie|services_postaux|retraite|acces_droit|emploi,35986,active
251,France Services Garnier-sur-Dumont,"854, boulevard Guillaume Didier 80794 Giraud",74734,Léger-sur-Mer,Guadeloupe,Corse,-76.171189,20.154148,collectivite,2021-11-24,2,logement|emploi|social|services_postaux|sante,37680,active
252,France Services Dupré,"960, boulevard de Salmon 40632 Hoarau-sur-Guyot",65824,Regnier-sur-Dias,Lot,Pays de la Loire,73.033884,-142.832762,collectivite,2024-08-23,8,logement|energie|acces_droit|sante|famille,48900,active
253,France Services Samson,rue Édith Lemoine 61663 Schmitt,92676,Sainte MargotVille,Lot,Bretagne,50.5209255,177.60025,collectivite,2025-03-01,7,energie|sante|logement|acces_droit|services_postaux|emploi|social|retraite,36507,active
254,France Services Simon,"27, rue Édouard Martinez 97617 GomesVille",49316,Breton,Pyrénées-Atlantiques,Provence-Alpes-Côte d'Azur,72.9975885,49.137607,gip,2022-06-11,2,energie|acces_droit|famille|logement|services_postaux|retraite,23691,active
255,France Services Saint Nathalie,"4, rue de Morin 04415 Laporte",83368,Masson,Nord,Pays de la Loire,-84.263014,105.060731,gip,2023-02-06,5,acces_droit|retraite|services_postaux|emploi|logement|social|sante,43755,active
256,France Services Coulon,"518, boulevard Chauvin 18977 Ferreira-la-Forêt",55883,Saint Luce,Finistère,Centre-Val de Loire,17.0406075,172.274655,association,2021-03-26,8,sante|energie|social|services_postaux|logement|emploi|retraite|famille,47366,active
257,France Services Da Costanec,"54, chemin Ramos 33763 Pasquier",53288,Lebreton,Hauts-de-Seine,Bretagne,68.0548125,163.812933,association,2023-08-13,8,sante|retraite|emploi|acces_droit|famille,28944,active
258,France Services Saint Bernardboeuf,"63, rue Lecoq 68219 Langlois",55795,BlanchardVille,Tarn,Bretagne,-25.3396015,161.438618,gip,2024-03-16,3,sante|social|energie|emploi|retraite|acces_droit|logement,7415,active
259,France Services Menard,"8, rue Teixeira 93269 Rousseau-sur-Neveu",43659,Saint Susan,Deux-Sèvres,Corse,-67.4218625,44.927388,association,2023-12-10,5,logement|retraite|energie|services_postaux|social|emploi,19563,active
260,France Services Dupont-sur-Roche,"65, chemin Samson 95605 Baudrydan",56869,Hernandez,Meuse,Occitanie,56.3260415,174.522622,association,2021-09-28,5,sante|emploi|social|logement|services_postaux,8111,active
261,France Services Barthelemyboeuf,"75, rue Emmanuelle Martinez 72855 Mace-sur-Baudry",40762,Saint Noémi,Haute-Savoie,Pays de la Loire,-26.396451,-21.232109,collectivite,2020-11-12,5,famille|logement|social|services_postaux|energie,5778,active
262,France Services Goncalves,"89, avenue de Hamon 49401 Saint Colette-sur-Mer",20362,Morinboeuf,Nièvre,Normandie,-51.786856,-179.834634,collectivite,2024-02-26,3,logement|social|energie|sante|famille|emploi,23703,active
263,France Services Sainte Célina,"56, chemin de Dubois 22508 Saint Suzanne",53678,Valentin,Seine-Saint-Denis,Hauts-de-France,-8.19445,-102.062125,association,2021-01-24,5,acces_droit|retraite|services_postaux|logement|emploi,35074,active
264,France Services Sainte MaggieBourg,"13, rue Josette Gilles 48226 Bourgeois-les-Bains",95886,Texierboeuf,Charente,Centre-Val de Loire,-71.528031,34.306134,gip,2025-01-01,1,retraite|acces_droit|energie|logement|emploi|services_postaux,38044,active
265,France Services Raymond,"774, rue de Mary 97128 Grégoire",38656,Valette,Ariège,Normandie,-28.782115,11.891709,collectivite,2022-10-25,8,services_postaux|famille|retraite|logement|energie|social|emploi|acces_droit,15278,active
266,France Services Gomes,"5, rue Laroche 58757 GuilbertBourg",23482,Lelièvre,Territoire de Belfort,Normandie,-78.123322,94.375852,association,2022-07-25,7,logement|retraite|social|sante|famille|energie,11693,active
267,France Services Sainte Olivie-la-Forêt,"5, avenue Pauline Pages 45576 Dias-les-Bains",36685,Besnard-les-Bains,Alpes-Maritimes,Bretagne,31.3636685,-15.057453,entreprise,2025-03-09,8,logement|sante|retraite|energie|famille,37110,active
268,France Services Thomasnec,"7, rue de Baron 42991 Munoz",97494,Sainte Pierre,Saône-et-Loire,Hauts-de-France,-68.418585,-21.939462,entreprise,2022-11-05,1,logement|social|sante|emploi|acces_droit|services_postaux|famille|energie|retraite,43174,active
269,France Services Bessondan,"95, boulevard Godard 40101 Bodin-sur-Mer",80389,Berger,Doubs,Grand Est,1.061782,-91.881577,entreprise,2020-08-04,5,logement|famille|energie|emploi|social|sante|acces_droit|services_postaux,38465,active
270,France Services Munoz,"2, chemin Maillet 34177 Seguin",44962,Saint Richardnec,Isère,Occitanie,7.990824,96.254698,entreprise,2024-08-11,4,social|emploi|energie|acces_droit|services_postaux|sante|logement|retraite|famille,36350,active
271,France Services Fernandes,"90, chemin de Buisson 08425 Sainte Louis-la-Forêt",10890,Saint Antoine,Aude,Auvergne-Rhône-Alpes,-55.8488025,-173.089356,collectivite,2024-03-02,6,services_postaux|retraite|social|famille|logement|energie|sante|acces_droit,41398,active
272,France Services Humbert,"50, rue Danielle Torres 36733 Faivre",35101,Berthelot,Eure,Grand Est,-4.7372405,94.933403,entreprise,2025-03-02,3,retraite|famille|acces_droit|emploi|sante|services_postaux|logement|energie,14380,active
273,France Services Vasseurnec,"8, boulevard Marion 12229 Sainte Grégoire",89459,Antoine-sur-Benoit,Creuse,Normandie,-16.7157685,-145.975714,entreprise,2022-12-27,1,retraite|famille|emploi|services_postaux|acces_droit|energie|sante|logement,6873,active
274,France Services Laporteboeuf,"7, avenue Manon Maillet 44144 Turpin",89668,Hervé,Oise,Bretagne,64.1143885,164.962226,entreprise,2022-05-26,1,retraite|sante|energie|emploi|acces_droit|famille|logement|social,48745,active
275,France Services SchneiderBourg,"82, rue de Devaux 21147 Perrin-sur-Barbe",13962,Barre,Côte-d'Or,Île-de-France,31.847198,80.194298,entreprise,2021-05-23,6,acces_droit|famille|logement|emploi|sante|energie,36748,active
276,France Services Thierry,"179, rue de Grégoire 72410 Charpentier",56525,Sainte Nicolas,Vendée,Grand Est,60.688713,-11.458367,association,2021-12-01,8,logement|sante|retraite|famille|social,20371,active
277,France Services Jacquot-sur-Lefebvre,"3, rue Alves 93425 VerdierBourg",16941,Lefèvrenec,Haut-Rhin,Provence-Alpes-Côte d'Azur,-44.736214,32.072432,entreprise,2024-07-07,2,logement|famille|acces_droit|emploi|social|energie|retraite|sante|services_postaux,6012,active
278,France Services Roussel,"807, boulevard Mathieu 08585 Pelletier",17843,Saint Christine-les-Bains,Lot-et-Garonne,Île-de-France,26.473783,173.750412,collectivite,2024-06-18,2,retraite|emploi|acces_droit|logement|social|energie,26540,active
279,France Services DelannoyBourg,rue Lenoir 62591 Sainte Éric-les-Bains,84574,Saint Aimé,Pas-de-Calais,Nouvelle-Aquitaine,48.3617945,-166.929031,gip,2022-06-21,1,emploi|famille|sante|logement|acces_droit|retraite,30572,active
280,France Services MasseBourg,"34, avenue de Mallet 04492 Samson",33831,MaillardVille,Meuse,Nouvelle-Aquitaine,-28.1361545,102.709683,entreprise,2023-05-10,1,emploi|retraite|energie|logement|acces_droit,12386,active
281,France Services Jacob,chemin Nicole De Sousa 57963 Sainte Marcboeuf,63987,Navarronec,Var,Hauts-de-France,60.871775,-37.049767,entreprise,2023-04-09,6,famille|emploi|acces_droit|logement|retraite,33816,active
282,France Services Hubert,"3, chemin Thierry 46229 Reynaud-la-Forêt",75463,Hamonnec,Eure,Centre-Val de Loire,-64.7904835,66.283105,gip,2022-02-05,6,logement|social|acces_droit|energie|sante|famille,7667,active
283,France Services Mallet,"3, chemin de Verdier 83132 Gaillard",70743,Saint Jeanne-les-Bains,Alpes-de-Haute-Provence,Normandie,-26.872337,44.403141,entreprise,2023-01-27,8,acces_droit|sante|emploi|energie|retraite|social|logement|famille|services_postaux,25789,active
284,France Services Grondin,"2, chemin Maillot 33291 Petitjean",45864,MassonBourg,Calvados,Normandie,-62.5139445,-34.617507,gip,2022-01-03,7,acces_droit|emploi|sante|retraite|famille,32448,active
285,France Services Guillon-sur-Mer,rue Honoré Olivier 94491 Pierre,36251,Simon,Puy-de-Dôme,Occitanie,-6.401272,-142.482095,entreprise,2023-05-01,8,famille|social|sante|energie|services_postaux|acces_droit|logement|retraite|emploi,21582,active
286,France Services Sainte Laure,"882, avenue Vasseur 57738 Bouvier",59214,Leduc,Indre,Île-de-France,-83.3363965,93.894677,gip,2023-03-24,6,sante|retraite|energie|services_postaux|social|famille|logement|acces_droit,49558,active
287,France Services Imbert-sur-Renaud,"60, avenue de Perrin 91311 Samson",36750,Marie,Cher,Grand Est,46.873525,132.919774,gip,2022-11-05,1,retraite|logement|acces_droit|emploi|famille,41622,active
288,France Services Legendre-sur-Pruvost,"36, boulevard Charlotte Daniel 57579 Saint Georges",36539,Loiseau,Doubs,Nouvelle-Aquitaine,76.4035655,-28.925947,gip,2025-01-19,6,emploi|sante|logement|energie|services_postaux,26733,active
289,France Services Saint Josephnec,"53, chemin de Reynaud 20441 Pelletier-sur-Allain",80733,Sainte Virginie,Pyrénées-Atlantiques,Normandie,-19.095272,35.648682,gip,2022-01-09,4,emploi|acces_droit|retraite|famille|sante,7947,active
290,France Services Renaudnec,"345, chemin de Bazin 82477 Sainte Franck",97490,Regnier-sur-Fernandes,Calvados,Occitanie,-87.0157865,-158.608072,gip,2023-10-28,1,energie|famille|emploi|retraite|services_postaux|sante,6850,active
291,France Services Ramos-sur-Letellier,"1, rue Danielle Garnier 32704 Fischer",28608,Schneider-sur-Blondel,Alpes-de-Haute-Provence,Pays de la Loire,47.8533995,-142.067012,entreprise,2022-04-07,8,acces_droit|sante|logement|energie|famille|social|retraite|emploi|services_postaux,28335,active
292,France Services Sainte Joséphine-la-Forêt,"2, rue de Bonnet 36595 Verdier",97638,Bessonnec,Doubs,Île-de-France,-16.771364,-57.466046,association,2021-07-15,7,acces_droit|emploi|sante|famille|services_postaux,44429,active
293,France Services Martin,"252, chemin de Foucher 34822 Duboisboeuf",83910,Blondel,Savoie,Occitanie,-84.5842755,84.401538,association,2022-03-31,1,sante|services_postaux|logement|energie|retraite|emploi|acces_droit,36958,active
294,France Services Guichard-sur-Navarro,chemin de Foucher 25503 Julien,15341,Grenier,Manche,Corse,13.2209905,-2.790206,entreprise,2021-05-30,6,retraite|logement|famille|social|emploi|services_postaux|acces_droit|energie,5079,active
295,France Services Grondinboeuf,"185, boulevard Paul 81189 Laroche",06379,Maréchal-sur-Couturier,Mayenne,Occitanie,4.7802645,114.933169,collectivite,2024-08-19,3,retraite|energie|sante|logement|social,25485,active
296,France Services Morin,"94, boulevard Boulanger 23205 Charpentier-la-Forêt",68663,Bouvetdan,Manche,Pays de la Loire,-75.9304025,95.113103,collectivite,2024-02-29,7,sante|emploi|services_postaux|famille|logement|acces_droit,36535,active
297,France Services Guillet,"64, rue Renée Vallée 14317 ParentVille",84223,Gonzalez,Cher,Auvergne-Rhône-Alpes,42.798542,-21.956694,gip,2024-01-24,3,famille|acces_droit|social|sante|energie,21332,active
298,France Services BousquetVille,"751, chemin Guichard 08102 Jacquet",83666,Grégoireboeuf,Corrèze,Auvergne-Rhône-Alpes,83.6627855,-139.473575,gip,2025-01-03,1,services_postaux|famille|logement|emploi|social|acces_droit|retraite,9744,active
299,France Services Chauvin,chemin Françoise Marchand 97235 Lecontedan,25339,MalletBourg,Gironde,Hauts-de-France,78.22445,-116.169024,collectivite,2023-10-15,5,logement|energie|sante|services_postaux|retraite|famille|social|acces_droit|emploi,34387,active
300,France Services Saint Isabelleboeuf,"61, avenue Pages 81682 Laportedan",92211,Bodin,Jura,Occitanie,32.940643,-166.034159,collectivite,2021-02-10,5,emploi|famille|energie|retraite|sante|social,39513,active
